filename,webpage_url,title,description,archived_at
note-emperor.html,https://note.com/xyz1090/n/n2beedca0a28d,エンペラー｜アラカク通信のーと,エンペラーとは外国の総合格闘技団体である。   メジャー3団体の一つ！  ☆現在のルール ・リング ・1R5分3R制 ・ラウンドマスト ・青いオープンフィンガーグローブ ・肘打ち有り ・4点ポジションでの頭部への蹴り、踏みつけ、サッカーボールキック無し  ☆歴代王者 ライト級王者（70kg） 初代王者　アイス・トロン ２代目　むらき（ターゲットライト級王座統一） ３代目　アイス・トロン ４代目　ナパーム ５代目　アイス・トロン ６代目　エスティ・グリフォン ７代目　ブルーワン ８代目　アイス・トロン ９代目    コルト・アプロー １０代目　マルコ・フレイ,2026-05-28T20:11:44
note-max-bout.html,https://note.com/xyz1090/n/n4f9af5458b40,MAXバウト｜アラカク通信のーと,MAXバウトとはメジャー３団体（ターゲット、エンペラー、マウンテン・ヒーローズ）の強者たちだけが戦える日本の総合格闘技団体。 （通称、白グローブ） 白グローブはごく稀にワンマッチ大会を行うこともあるが基本トーナメントのみ！ （＊MAXバウトにはNo.シリーズはなく不定期なため、団体とゆうよりMAXバウトとゆう大会）  ☆ルール ・リング ・1R5分3R制 ・ラウンドマスト ・白いオープンフィンガーグローブ ・肘打ち有り、4点ポジションヒザ蹴り有り ・踏みつけ、サッカーボールキック無し  【MAXバウトの歴代王者】 ☆ライト級王者 第1回アイス・トロン（エンペラー） 第2回むらき（ターゲ,2026-05-28T20:11:44
note-mh.html,https://note.com/xyz1090/n/n0f42ce1bf597,マウンテン・ヒーローズ（M・H）｜アラカク通信のーと,マウンテン・ヒーローズ（M・H）とは総合格闘技団体マウンテンとヒーローズが合併してできた外国の団体である。メジャー3団体の一つ。 M・Hと表記される。    ☆現在のルール ・リング ・1R5分の3R制 ・ラウンドマスト ・赤いオープンフィンガーグローブ ・肘打ち、4点ポジションでの頭部への膝蹴り有り ・踏みつけ、サッカーボールキック無し  ☆歴代王者 ライト級王者（72kg） 初代王者　アサシン ２代目　ランダーデビル ３代目　サイク・アーマー   ４代目　ランダーデビル  ミドル級王者（92kg） 初代　テール・ジャンク    ☆トーナメント 第1回ラ,2026-05-28T20:11:44
note-n001f39a5fefb.html,https://note.com/xyz1090/n/n001f39a5fefb,マウンテン・ヒーローズNo.33試合結果｜アラカク通信のーと,マウンテン・ヒーローズNo.33  ☆ミドル級ワンマッチ ●クロノ・マリーケン【8勝8敗】 🆚 ○らんちゃーすがや【5勝1敗】 （2R3分46秒KO   左フック→右ジャブ→パウンド）   ☆ライト級ワンマッチ ○ローリングjr 【4勝2敗】 🆚 ●ダブド・ガブリシャン【3勝1敗】 （1R1分31秒　ギロチンチョーク）   ☆ライト級ワンマッチ ○キマイラ【6勝4敗】 🆚 ●ムラト・クツワ【1勝2敗】 （1R2分23秒KO  左フック）,2026-05-28T20:11:44
note-n046653bda67a.html,https://note.com/xyz1090/n/n046653bda67a,マウンテン・ヒーローズNo.32対戦カード｜アラカク通信のーと,マウンテン・ヒーローズNo.32  ☆ライト級ワンマッチ（ノンタイトル） 🟥ランダーデビル 35歳 174cm デビル軍 【25勝5敗】 🆚 🟦 アイス・トロン 46歳 173cm パーフェクトジム 【45勝13敗】  ☆ライト級ワンマッチ 🟥さんごく 30歳 168cm チームジャパン 【6勝2敗】 🆚 🟦レオナルド・フォードバック 24歳 180cm ツインズ 【メジャーデビュー戦】 B1ライト級王者、バトルモードライト級王者  ☆ライト級ワンマッチ 🟥 くわしお 30歳 172cm カイザーアスリート 【10勝6敗】 🆚 🟦バン・ベルソーザ,2026-05-28T20:11:44
note-n05a3b7b38805.html,https://note.com/xyz1090/n/n05a3b7b38805,ターゲットNo.93試合結果｜アラカク通信のーと,ターゲットNo.93試合結果  ☆ライト級タイトルマッチ ◯わく【8勝1敗】＊① 🆚 ●きたむら【16勝5敗】 （1R1分51秒KO  膝蹴り→パウンド） ＊防衛数   ☆ライト級ワンマッチ ●かぶと【11勝12敗】 🆚 ○つくりはら【1勝0敗】 （1R1分３２秒　RNC）   ☆ライト級ワンマッチ ●きょうない【1勝0敗】 🆚 ○つおし【1勝0敗】 （3R終了判定2-1）   ☆ライト級ワンマッチ ○フラーム・グラン【17勝10敗】 🆚 ●スマット・ターウィ【0勝1敗】 （1R1分50秒KO 左アッパー）   ☆ライト級ワンマッチ ○ワインセル【8勝7敗】 🆚 ●イベルト・,2026-05-28T20:11:44
note-n140f32db6ddd.html,https://note.com/xyz1090/n/n140f32db6ddd,マウンテン・ヒーローズNo.30対戦カード｜アラカク通信のーと,マウンテン・ヒーローズNo.30対戦カード  ☆ライト級タイトルマッチ 🟥👑 ランダーデビル 35歳 174cm デビル軍 【24勝5敗】 🆚 🟦 さんごく 30歳 168cm チームジャパン 【6勝1敗】  ☆ライト級ワンマッチ 🟥バンドルフ・ガルブンタ 30歳 180cm  ミッションズ 【4勝4敗】 🆚 🟦ローリングjr  27歳 186cm チームハーツ 【1勝2敗】  ☆ライト級ワンマッチ 🟥ムラト・クツワ 30歳 176cm KBMトップチーム 【1勝0敗】 🆚 🟦ダブド・ガブリシャン 26歳 175cm ブラックタワー 【1勝0敗】  ☆ライト級ワンマッチ 🟥キ,2026-05-28T20:11:44
note-n15885dea4393.html,https://note.com/xyz1090/n/n15885dea4393,ターゲットNo.101試合結果｜アラカク通信のーと,ターゲットNo.101  ☆ターゲットミドル級タイトルマッチ ○ギタミン・アーロン【14勝4敗】 🆚 ●おとさわ【23勝16敗】 （1R3分35秒KO　左アッパー→パウンド） ギタミン・アーロン防衛［1］  ☆ミドル級ワンマッチ ○かべい【13勝5敗】 🆚 ●ラミーロ・コート【0勝1敗】 （2R3分29秒KO  飛び込みパンチ→パウンド）  ☆ミドル級ワンマッチ ●ザモン【1勝2敗】 🆚 ○オーロラデビル【1勝0敗】 （1R2分40秒  三角絞め）  ☆ライト級ワンマッチ ○かぶと【11勝13敗】 🆚 ●イベルト・キューミ【3勝4敗】 （3R2分11秒KO &nbs,2026-05-28T20:11:44
note-n168697057b95.html,https://note.com/xyz1090/n/n168697057b95,MAXバウトスペシャルワンマッチ大会試合結果｜アラカク通信のーと,MAXバウトスペシャルワンマッチ大会試合結果  ☆ヘビー級ワンマッチ（98kg契約） ●テール・ジャンク【27勝3敗】 🆚 ◯タイプ・ジー【1勝0敗】 （3R終了　判定3-0）  ☆ミドル級ワンマッチ ◯ミサ・ウィル・ジョー【13勝2敗】 🆚 🟦 ①ルージュド・スターリー【11勝3敗】 （3R終了 判定3-0）  ☆ミドル級ワンマッチ ◯かべい【12勝4敗】 🆚 ●さかえだ【20勝9敗】 （1R2分52秒 ＫＯ　左フック→パウンド）  ☆ミドル級ワンマッチ ◯おとさわ【23勝15敗】 🆚 ●らんちゃーすがや【6勝2敗】 （3R3分05秒　RNC）  ☆ミドル級ワンマッチ ◯ダイス・ヴォ,2026-05-28T20:11:44
note-n16df678bd0b6.html,https://note.com/xyz1090/n/n16df678bd0b6,マウンテン・ヒーローズNo.34 試合結果｜アラカク通信のーと,マウンテン・ヒーローズNo.34 試合結果  ☆ヘビー級ワンマッチ ○テール・ジャンク【27勝2敗】 🆚 ●クーラー・ジョイントン【0勝1敗】 （1R3分25秒KO  左アッパー→パウンド）   ☆ミドル級ワンマッチ ●ゼット【11勝6敗】 🆚 ○ライン・デュオ【1勝1敗】 （3R終了　判定2-1）   ☆ライト級ワンマッチ ○イスカン・アステ【4勝1敗】 🆚 ●ジョン・バレー【2勝5敗】 （1R0分13秒KO  左ストレート）   ☆ライト級ワンマッチ ●キマイラ【6勝5敗】 🆚 ○ダブド・ガブリシャン【4勝1敗】 （1R2分16秒　ダースチョーク）,2026-05-28T20:11:44
note-n1dad6c53911a.html,https://note.com/xyz1090/n/n1dad6c53911a,ターゲットNo.90　エンペラーNo.111合同大会試合結果｜アラカク通信のーと,ターゲットNo.90　エンペラーNo.111合同大会 試合結果  ☆ターゲットミドル級ワンマッチ ○おとさわ🆚●きんとき （1R2分54秒一本　腕ひしぎ十字固め）   ☆ターゲットミドル級ワンマッチ ○シガー・ユーナイム🆚●ファン・ミール・セイバー （1R1分59秒KO   パウンド®️）   ☆エンペラーミドル級ワンマッチ ○チャールス・ブランディン🆚●ロコール・アラニン （1R1分45秒TKO   タップアウト 肘脱臼）   ☆エンペラーミドル級ワンマッチ ●ブレード・アロー🆚○ダイス・ヴォルケード （1R1分5,2026-05-28T20:11:44
note-n1ef5797085bc.html,https://note.com/xyz1090/n/n1ef5797085bc,エンペラーNo.118対戦カード｜アラカク通信のーと,エンペラーNo.118 対戦カード  ☆ミドル級ワンマッチ 🟥さかえだ 35歳 180cm 日本MMAチーム 【20勝9敗】 🆚 🟦ガネルソン・シャル・ワー 27歳 186cm ソニックスポーツ 【メジャーデビュー戦】 バイオショットミドル級王者  ☆ミドル級ワンマッチ 🟥ルージュド・スターリー 36歳190cm ゴッサブトップチーム 【11勝3敗】 元ターゲットミドル級王者 🆚 🟦アマルド・ビュエーラ 33歳 190cm チームゴッサブ 【0勝1敗】 ファントムミドル級王者  ☆ミドル級ワンマッチ 🟥 ダイス・ヴォルケード 35歳 190cm ＫＢMトップチーム 【6勝3敗】 🆚 🟦,2026-05-28T20:11:44
note-n25252920d028.html,https://note.com/xyz1090/n/n25252920d028,エンペラーNo.115試合結果｜アラカク通信のーと,エンペラーNo.115  ☆エンペラーライト級タイトルマッチ ●マルコ・フレイザー【6勝2敗】 🆚 ○ブルーワン【16勝5敗】 （3R2分40秒KO  左ハイキック） ※ブルーワンが第１１代目王者に👑   ☆ライト級ワンマッチ ○コルト・アプロー【19勝12敗】 🆚 ●パット・バミューダ【1勝2敗】 （1R2分40秒　肩固め）   ☆ライト級ワンマッチ ●さくらい【9勝9敗】 🆚 ○ステシエン・チェット【3勝0敗】 （1R2分15秒　アームバー）   ☆ライト級ワンマッチ ○ゆめろう【6勝4敗】 🆚 ●クレイエル・アビソカ【1勝2敗】 （1R1分36秒　ヒールホールド）   ,2026-05-28T20:11:44
note-n25851bb5dc20.html,https://note.com/xyz1090/n/n25851bb5dc20,ターゲットNo.97対戦カード｜アラカク通信のーと,ターゲットNo.97対戦カード  ☆ライト級ワンマッチ 🟥わく 26歳 177cm 日本MMAチーム 【8勝1敗】 🆚 🟦アミュー・エンド・ビラー 44歳 175cm バトン柔術 【5勝14敗】 ・元ネオマーキーズライト級王者 ・ターゲットフレッシュトーナメント優勝  ☆ライト級ワンマッチ 🟥ハリス・オルビック 40歳 175cm チームオルビック  【27勝16敗】 🆚 🟦つくりはら 24歳 174cm バトン柔術 【3勝0敗】  ☆ライト級ワンマッチ 🟥フラーム・グラン 36歳 175cm チームドータ 【17勝11敗】 vs 🟦イベルト・キ,2026-05-28T20:11:44
note-n28b5489ba3da.html,https://note.com/xyz1090/n/n28b5489ba3da,マウンテン・ヒーローズNo.39対戦カード｜アラカク通信のーと,マウンテン・ヒーローズNo.39対戦カード  ☆ミドル級ワンマッチ 🟥クロノ・マリーケン 31歳 183cm チームパウルソン 【9勝9敗】 🆚 🟦ライン・デュオ 31歳 188cm クードースポーツ 【1勝3敗】  ☆ミドル級ワンマッチ 🟥トルー・パルドレス 28歳 190cm マジシャンズ 【4勝5敗】 🆚 🟦ヘル・ラッサー 34歳 191cm ツインズ 【0勝3敗】  ☆ミドル級ワンマッチ 🟥ぱいそんはやし 26歳 188cm コミックファイト倶楽部 【1勝0敗】 🆚 🟦ジャニマード・トスパチ 28歳 190cm チームボークン 【メジャーデビュー戦】,2026-05-28T20:11:44
note-n28dec20d5260.html,https://note.com/xyz1090/n/n28dec20d5260,マウンテン・ヒーローズNo.40対戦カード｜アラカク通信のーと,マウンテン・ヒーローズNo.40  ☆ミドル級ワンマッチ 🟥タイプ・ジー 30歳 185cm パーフェクトジム 【2勝0敗】 🆚 🟦ヘル・ラッサー 34歳 191cm ツインズ 【1勝3敗】  ☆ミドル級ワンマッチ 🟥オーシューワイルド 27歳 184cm  チームオーシュー 【2勝1敗】 🆚 🟦ぱいそんはやし 26歳 188cm コミックファイト倶楽部 【1勝1敗】  🟥ライン・デュオ 31歳 188cm クードースポーツ 【2勝3敗】 🆚 🟦ジャニマード・トスパチ 28歳 190cm チームボークン 【1勝0敗】  ☆ミドル級ワンマッチ 🟥ローリングJr. 29歳186c,2026-05-28T20:11:44
note-n2a15808854f2.html,https://note.com/xyz1090/n/n2a15808854f2,エンペラーNo.119試合結果｜アラカク通信のーと,エンペラーNo.119試合結果  ☆ミドル級ワンマッチ ●さかえだ【20勝11敗】 🆚 ○ルージュド・スターリー【13勝3敗】 （1R終了時TKO   コーナーストップ）  ☆ミドル級ワンマッチ ●ダートソン【2勝4敗】 🆚 ○ガネルソン・シャル・ワー【2勝0敗】 （1R2分09秒KO   左フック）  ☆ミドル級ワンマッチ ○さくらい【10勝9敗】 🆚 ●レイ・ガシーオ【2勝5敗】 （2R1分56秒　アームロック）  ☆ミドル級ワンマッチ ●アトゥリうえはら【1勝3敗】 🆚 ○エス・ガリオン【1勝0敗】 （1R2分24秒　RNC）,2026-05-28T20:11:44
note-n2b1afe4a5489.html,https://note.com/xyz1090/n/n2b1afe4a5489,ターゲットNo.93対戦カード｜アラカク通信のーと,ターゲットNo.93対戦カード   ☆ライト級タイトルマッチ 🟥👑わく 26歳 177cm 日本MMAチーム 【7勝1敗】 🆚 🟦きたむら 29歳170cm vkデリンジャー 【16勝4敗】    ☆ライト級ワンマッチ 🟥かぶと 35歳 163cm ターゲットプロジェクトチーム 【11勝11敗】 B1ライト級王者（マイナー団体です） 🆚 🟦つくりはら 24歳 174cm バトン柔術 【メジャーデビュー戦】 元ジャパンファイトライト級王者   ☆ライト級ワンマッチ 🟥きょうない 25歳 167cm せみおかトレーニング 【メジャーデビュー戦】 現ネ,2026-05-28T20:11:44
note-n2c83076aedb9.html,https://note.com/xyz1090/n/n2c83076aedb9,MAXバウトスペシャルワンマッチ大会No.2対戦カード｜アラカク通信のーと,MAXバウトスペシャルワンマッチ大会No.2対戦カード 🚨①名前②キャッチコピー ③年齢④身長⑤所属ジム ⑥メジャー戦績⑦主戦団体⑧タイトル  ☆ライト級スペシャルワンマッチ 🟥①ブルーワン ②皇帝ビッグウェーブ ③29歳④178cm⑤エキサイトクラス ⑥【20勝5敗】⑦エンペラー ⑧現エンペラーライト級王者 第7回MAXバウトライト級GP優勝 🆚 🟦①イスカン・アステ ②ステゴロの伝説 ③34歳④172cm⑤RFチームクリスタル ⑥【6勝2敗】⑦M・H ⑧元リアルファイトライト級王者 元グレネードライト級王者  ☆ライト級スペシャルワンマッチ 🟥①ランダーデビル ②デビル軍最強の男 ,2026-05-28T20:11:44
note-n2ecf288742b3.html,https://note.com/xyz1090/n/n2ecf288742b3,エンペラーNo.110 試合結果｜アラカク通信のーと,エンペラーNo.110 試合結果  ☆ミドル級ワンマッチ ●ダートソン🆚○レイ・ガシーオ （ダートソンの反則）   ☆ミドル級ワンマッチ ○ブレード・アロー🆚●パリド・アーディン （1R3分22秒　ネックロック）   ☆ミドル級ワンマッチ ○ダイス・ヴォルケード🆚●ヴァン・ブルックス （1R1分22秒KO  右フック）   ☆ミドル級ワンマッチ ○さかえだ🆚●アトゥリうえはら （3R3分06秒TKO  タオル投入）   ☆ミドル級ワンマッチ ○ロコール・アラニン🆚●シャパール・アミア （1R2分10秒TKO  パウン,2026-05-28T20:11:44
note-n32f248989390.html,https://note.com/xyz1090/n/n32f248989390,第６回 MAXバウトライト級トーナメント一回戦Ｂブロック試合結果｜アラカク通信のーと,第６回 MAXバウトライト級トーナメント 一回戦Ｂブロック試合結果  ☆第一試合 ○ランダーデビルvs●ローリングjr 3R2分54秒　リアネイキッドチョーク  ☆第二試合 ○フラーム・グランvs●ワインセル 3R終了　判定2-1  ☆第三試合 ●バン・ベルソーザvs○ゆめろう 1R0分40秒　ニンジャチョーク  ☆第四試合 ○ブルーワンvs●きたむら 1R終了 TKO タオル投入によるコーナーストップ   ランダーデビル（M・H） フラーム・グラン（ターゲット） ゆめろう（エンペラー） ブルーワン（エンペラー） 二回戦進出‼️,2026-05-28T20:11:44
note-n331fef154e1f.html,https://note.com/xyz1090/n/n331fef154e1f,エンペラーNo.120対戦カード｜アラカク通信のーと,エンペラーNo.120対戦カード  ☆ミドル級ワンマッチ 🟥ミサ・ウィル・ジョー 39歳 185cm ミサイル・ジョー 【13勝2敗】現エンペラーミドル級王者 🆚 🟦ブレード・アロー 34歳 190cm キンプロ 【1勝1敗】  ☆ミドル級ワンマッチ 🟥チャールス・ブランディン 35歳189cmオーバースロージム 【3勝5敗】 🆚 🟦タイプ・ジー 30歳 185cm パーフェクトジム 【1勝0敗】  ☆ミドル級ワンマッチ 🟥エス・ガリオン 22歳 191cm チームセイバー 【1勝0敗】 🆚 🟦ロン 25歳 188cm カイザーアスリート 【メジャーデビュー戦】  ,2026-05-28T20:11:44
note-n371a737986c1.html,https://note.com/xyz1090/n/n371a737986c1,エンペラー117対戦カード｜アラカク通信のーと,エンペラー117対戦カード  ☆ライト級ワンマッチ 🟥マルコ・フレイザー 31歳170cm ユーリンジム 【7勝2敗】 🆚 🟦パット・バミューダ 34歳 173cm バルカンジム 【1勝2敗】  ☆ライト級ワンマッチ 🟥コルト・アプロー ③38歳 175cm マジシャンズ 【19勝12敗】 🆚 🟦ゆめろう 29歳 173cm ゴッサブジャパン 【6勝4敗】  ☆ミドル級ワンマッチ 🟥レイ・ガシーオ 35歳 186cm サイクロンジム 【2勝3敗】 🆚 🟦ルージュド・スターリー 34歳190cmゴッサブトップチーム 【10勝2敗】 元ターゲットミドル級王者,2026-05-28T20:11:44
note-n382366e8d3d8.html,https://note.com/xyz1090/n/n382366e8d3d8,ターゲットNo.94試合結果｜アラカク通信のーと,ターゲットNo.94  ☆ライト級ワンマッチ ●だいな【2勝2敗】 🆚 ○きたむら【17勝5敗】 （1R2分36秒KO  パウンド）   ☆ミドル級ワンマッチ ●きんとき【8勝10敗】 🆚 ○サム・ラッシュ【1勝0敗】 （1R1分24秒KO  左フック）   ☆ライト級ワンマッチ ●つおし【1勝1敗】 🆚 ○つくりはら【2勝0敗】 （1R1分16秒KO  左フック→膝蹴り→パウンド）   ☆ライト級ワンマッチ ○きょうない【1勝1敗】 🆚 ●ろっこう【0勝2敗】 （2R3分00秒　チョークスリーパー）   ☆ライト級ワンマッチ ○レーサー・ガルシア【1勝1,2026-05-28T20:11:44
note-n3b4b0b6ed3c8.html,https://note.com/xyz1090/n/n3b4b0b6ed3c8,マウンテン・ヒーローズNo.30試合結果｜アラカク通信のーと,マウンテン・ヒーローズNo.30試合結果  ☆ライト級タイトルマッチ ○ランダーデビル【25勝5敗】防衛② 🆚 ●さんごく【6勝2敗】 （3R3分07秒　肩固め）   ☆ライト級ワンマッチ ●バンドルフ・ガルブンタ【4勝5敗】 🆚 ○ローリングjr27歳【2勝2敗】 （1R2分05秒KO  膝蹴り）   ☆ライト級ワンマッチ ●ムラト・クツワ【1勝1敗】 🆚 ○ダブド・ガブリシャン【2勝0敗】 （1R1分53秒TKO  パウンド→タオル投入）   ☆ライト級ワンマッチ ●キマイラ【4勝4敗】 🆚 ○イスカン・アステ【2勝0敗】 （1R1分47秒KO  左ス,2026-05-28T20:11:44
note-n3f97c679c3d2.html,https://note.com/xyz1090/n/n3f97c679c3d2,エンペラーNo.116対戦カード｜アラカク通信のーと,エンペラーNo.116  ☆ミドル級ワンマッチ 🟥さかえだ 33歳 180cm 日本MMAチーム 【19勝8敗】 🆚 🟦ダイス・ヴォルケード 33歳 190cm ＫＢMトップチーム 【5勝2敗】  ☆ライト級ワンマッチ 🟥マルコ・フレイザー 31歳170cm ユーリンジム 【6勝2敗】 🆚 🟦 ブライン・ジャスター 29歳 173cm ウエスタンジム 【メジャーデビュー戦】 ・アルバトロスライト級暫定王者  ☆ライト級ワンマッチ 🟥ステシエン・チェット 23歳 175cm カイザーアスリート 【3勝0敗】 🆚 🟦ワンシー・オーフェル 29歳 16,2026-05-28T20:11:44
note-n3ff7523758ca.html,https://note.com/xyz1090/n/n3ff7523758ca,エンペラー117試合結果｜アラカク通信のーと,エンペラー117試合結果  ☆ライト級ワンマッチ ○マルコ・フレイザー【8勝2敗】 🆚 ●パット・バミューダ【1勝3敗】 （2R1分52秒KO  左フック→パウンド）   ☆ライト級ワンマッチ ○コルト・アプロー【20勝12敗】 🆚 ●ゆめろう【6勝5敗】 （2R3分48秒　アームバー）   ☆ミドル級ワンマッチ ●レイ・ガシーオ【2勝4敗】 🆚 ○ルージュド・スターリー【11勝2敗】 （1R2分47秒　アナコンダチョーク）,2026-05-28T20:11:44
note-n3ffa4b05eb45.html,https://note.com/xyz1090/n/n3ffa4b05eb45,ターゲットNo.97 試合結果｜アラカク通信のーと,ターゲットNo.97 試合結果  ☆ライト級ワンマッチ ○わく【9勝1敗】 🆚 ●アミュー・エンド・ビラー【5勝15敗】 （1R3分05秒KO  ミドルキック）   ☆ライト級ワンマッチ ●ハリス・オルビック 【27勝17敗】 🆚 ○つくりはら【4勝0敗】 （3R2分52秒　腕ひしぎ三角固め）   ☆ライト級ワンマッチ ○フラーム・グラン【18勝11敗】 🆚 ●イベルト・キューミ【2勝4敗】 （2R4分10秒　腕ひしぎ三角固め）   ☆ライト級ワンマッチ ○だいな【4勝2敗】 🆚 ●エメラルド・バンキー【1勝3敗】 （1R1分33秒　膝蹴り→パウンド）   ☆ライト級ワンマッ,2026-05-28T20:11:44
note-n40043569e548.html,https://note.com/xyz1090/n/n40043569e548,マウンテン・ヒーローズNo.38対戦カード｜アラカク通信のーと,マウンテン・ヒーローズNo.38対戦カード  ☆M・Hミドル級タイトルマッチ 🟥ゼット 35歳 188cm RFチームクリスタル 【12勝6敗】 🆚 🟦らんちゃーすがや 30歳 185cm コミックファイト倶楽部 【7勝2敗】  ☆ミドル級ワンマッチ 🟥ラドフ 31歳 183cm チームカーリン 【2勝0敗】 🆚 🟦オーシューワイルド 27歳 184cm  チームオーシュー 【2勝0敗】  ☆ミドル級ワンマッチ 🟥ローリングJr. 29歳186cmチームハーツ 【5勝3敗】 🆚 🟦ぱいそんはやし 26歳 188cm コミックファイト倶楽部 【メジャーデビュー戦】,2026-05-28T20:11:44
note-n41003b8328ca.html,https://note.com/xyz1090/n/n41003b8328ca,第5回MAXバウトミドル級ＧＰ一回戦Bグループ｜アラカク通信のーと,第5回MAXバウトミドル級ＧＰ 一回戦Bグループ  🚨①名前②キャッチコピー ③年齢④身長⑤所属ジム ⑥メジャー戦績⑦主戦団体⑧白グローブ出場回数 ⑨タイトル⑩戦いたい相手   第一試合 ①テール・ジャンク ②Unknown ③ 31歳 ④186cm ⑤Sジム ⑥【21勝2敗】⑦M・H⑧4回目 ⑨現M・Hミドル級王者 　第2回、第3回MAXバウトミドル級トーナメント優勝 ⑩ミサ・ウィル・ジョー 🆚 ①らんちゃーすがや ②必殺レインボーフック ③27歳 ④185cm ⑤コミックファイト倶楽部 ⑥【3勝0敗】⑦M・H⑧1回目 ⑨元コミックフ,2026-05-28T20:11:44
note-n4523b9139a53.html,https://note.com/xyz1090/n/n4523b9139a53,エンペラーNo.120試合結果｜アラカク通信のーと,エンペラーNo.120  ☆ミドル級ワンマッチ ○ミサ・ウィル・ジョー【14勝2敗】 🆚 ●ブレード・アロー【1勝2敗】 （1R3分24秒KO  パウンド）  ☆ミドル級ワンマッチ ●チャールス・ブランディン【3勝6敗】 🆚 ○タイプ・ジー【2勝0敗】 （1R1分45秒　アームバー）  ☆ミドル級ワンマッチ ○エス・ガリオン【2勝0敗】 🆚 ●ロン【0勝1敗】 （1R3分12秒　アームバー）  ☆ライト級ワンマッチ ○ステシエン・チェット【5勝2敗】 🆚 ●ループデビル【0勝1敗】 （2R3分00秒KO　ハイキック）,2026-05-28T20:11:44
note-n4673c4012f34.html,https://note.com/xyz1090/n/n4673c4012f34,エンペラーNo.113対戦カード｜アラカク通信のーと,エンペラーNo.113対戦カード  ☆ミドル級ワンマッチ 🟥レイ・ガシーオ 34歳 186cm サイクロンジム 【2勝2敗】 🆚 🟦ダートソン 23歳 182cm チーム・ボイス 【0勝2敗】   ☆ライト級ワンマッチ 🟥さくらい 35歳 180cm VKデリンジャー 【8勝7敗】 🆚 🟦クレイエル・アビソカ 26歳 174cm テスジム 【メジャーデビュー戦】   ☆ライト級ワンマッチ 🟥ゆめろう 28歳 173cm ゴッサブジャパン 【5勝2敗】 🆚 🟦ステシエン・チェット 22歳 175cm カイザーアスリート 【メジャーデビュー戦】   ☆ライト級ワンマッチ 🟥ナパーム 38歳,2026-05-28T20:11:44
note-n48b479857848.html,https://note.com/xyz1090/n/n48b479857848,第６回MAXバウトライト級トーナメントニ回戦対戦カード｜アラカク通信のーと,第６回MAXバウトライト級トーナメント２回戦対戦カード  ☆第一試合 ①ランダーデビル  ②［デビル軍の絶対的エース］ ③33歳 ④174cm ⑤デビル軍 ⑥【23勝4敗】⑦M・H ⑧4回目 ⑨現M・Hライト級王者、第5回MAXバウトライト級トーナメント優勝 🆚 ①マルコ・フレイザー  ②［疾風の如く］ ③29歳 ④170cm ⑤ユーリンジム ⑥【5勝0敗】⑦エンペラー ⑧1回目 ⑨現エンペラーライト級王者   ☆第二試合 ①ブルーワン ②［最恐ビッグウェーブ］ ③25歳&nb,2026-05-28T20:11:44
note-n4b5b6cc0c6ec.html,https://note.com/xyz1090/n/n4b5b6cc0c6ec,第６回 MAXバウトライト級トーナメント決勝結果｜アラカク通信のーと,第６回 MAXバウトライト級トーナメント決勝結果   ☆決勝 ●ブルーワン 🆚 ○コルト・アプロー （2R1分14秒KO  左フック→パウンド）    🏆コルト・アプロー【18勝10敗】 🥈ブルーワン【14勝5敗】,2026-05-28T20:11:44
note-n4e293a00d981.html,https://note.com/xyz1090/n/n4e293a00d981,マウンテン・ヒーローズNo.31対戦カード｜アラカク通信のーと,マウンテン・ヒーローズNo.31対戦カード  ☆ミドル級ワンマッチ 🟥ゼット 33歳 188cm RFチームクリスタル 【10勝5敗】 🆚 🟦クロノ・マリーケン 29歳 183cm チームパウルソン 【8勝6敗】  ☆ライト級ワンマッチ 🟥イスカン・アステ 32歳 172cm RFチームクリスタル 【2勝0敗】 🆚 🟦ダブド・ガブリシャン 26歳 175cm ブラックタワー 【2勝0敗】  ☆ライト級ワンマッチ 🟥 くわしお 30歳 172cm カイザーアスリート 【9勝6敗】 🆚 🟦ビクトル・ナッカー 27歳 170cm チーム・ボークン 【1勝1敗】 ,2026-05-28T20:11:44
note-n53ed5eeae007.html,https://note.com/xyz1090/n/n53ed5eeae007,訂正【ターゲット】｜アラカク通信のーと,かべい選手は第10代ターゲットミドル級王者ではなく、第9代ターゲットミドル級王者でした。,2026-05-28T20:11:44
note-n54e46a159620.html,https://note.com/xyz1090/n/n54e46a159620,ターゲットNo.98対戦カード｜アラカク通信のーと,ターゲットNo.98対戦カード  ☆ライト級ワンマッチ 🟥フラーム・グラン 37歳 175cm チームドータ 【18勝11敗】 🆚 🟦だいな 24歳 177cm ターゲットPJ 【4勝2敗】  ☆ライト級ワンマッチ 🟥ワインセル 32歳 165cm ワインセルジム 【9勝7敗】 🆚 🟦きょうない 26歳 167cm せみおかトレーニング 【2勝2敗】  ☆ミドル級ワンマッチ 🟥おとさわ 34歳 183cm ゴッサブジャパン 【21勝15敗】 🆚 🟦ザモン 27歳 181cm  エキサイトクラス 【メジャーデビュー戦】,2026-05-28T20:11:44
note-n584a22756e35.html,https://note.com/xyz1090/n/n584a22756e35,第7回MAXバウトライト級GP準決勝 対戦カード｜アラカク通信のーと,第7回MAXバウトライト級GP準決勝対戦カード  🚨①名前②キャッチコピー ③年齢④身長⑤所属ジム ⑥メジャー戦績⑦主戦団体⑧白グローブ出場回数⑨タイトル⑩戦いたい相手  ☆Ａブロック 🟥①ランダーデビル ②デビル軍最強の男 ③35歳④174cm⑤デビル軍 ⑥【28勝5敗】⑦M・H⑧5回目 ⑨現M・Hライト級王者 第5回 MAXバウトライト級トーナメント優勝 ⑩ブルーワン 🆚 🟦 ①イスカン・アステ ②ステゴロの伝説 ③33歳④172cm⑤RFチームクリスタル ⑥【6勝1敗】⑦M・H⑧1回目 ⑨元リアルファイトライト級王者 元グレネードライト級王者  ☆Ｂブロック 🟥①ブルーワン ②皇,2026-05-28T20:11:44
note-n59fa84ea4378.html,https://note.com/xyz1090/n/n59fa84ea4378,マウンテン・ヒーローズNo.29対戦カード｜アラカク通信のーと,マウンテン・ヒーローズNo.29対戦カード  ☆ライト級ワンマッチ 🟥ローリングjr  27歳 186cm チームハーツ 【0勝2敗】 🆚 🟦かわかみ 32歳 178cm 日本柔術協会 【0勝1敗】   ☆ライト級ワンマッチ 🟥ヨルセン・バクダリア 27歳170cm ユーリンジム 【0勝1敗】 🆚 🟦 ダブド・ガブリシャン 26歳 175cm ブラックタワー 【メジャーデビュー戦】  ☆ライト級ワンマッチ 🟥ジョン・バレー 38歳 170cm サイクロンジム【2勝2敗】 🆚 🟦ムラト・クツワ 30歳 176cm KBMトップチーム 【メジャーデビュー戦】マイナー5戦無敗  ☆ライト級ワ,2026-05-28T20:11:44
note-n5c0cf0bff5ff.html,https://note.com/xyz1090/n/n5c0cf0bff5ff,マウンテン・ヒーローズNo.33対戦カード｜アラカク通信のーと,マウンテン・ヒーローズNo.33  ☆ミドル級ワンマッチ 🟥クロノ・マリーケン 29歳 183cm チームパウルソン 【8勝7敗】 🆚 🟦らんちゃーすがや 28歳 185cm コミックファイト倶楽部 【4勝1敗】  ☆ライト級ワンマッチ 🟥ローリングjr  27歳 186cm チームハーツ 【3勝2敗】 🆚 🟦ダブド・ガブリシャン 26歳 175cm ブラックタワー 【3勝0敗】  ☆ライト級ワンマッチ 🟥キマイラ 25歳 170cm チームボイス 【5勝4敗】 🆚 🟦ムラト・クツワ 30歳 176cm KBMトップチーム 【1勝1敗】,2026-05-28T20:11:44
note-n5c9be1cc17a5.html,https://note.com/xyz1090/n/n5c9be1cc17a5,エンペラーNo.114試合結果｜アラカク通信のーと,エンペラーNo.114試合結果  ☆ミドル級ワンマッチ ●チャールス・ブランディン【3勝5敗】 🆚 ○さかえだ【19勝8敗】 （1R0分13秒KO　パンチ連打）   ☆ミドル級ワンマッチ ●ダートソン【1勝3敗】 🆚 ○ダイス・ヴォルケード【5勝2敗】 （1R3分16秒KO　左フック）   ☆ライト級ワンマッチ ○さくらい【9勝8敗】 🆚 ●ゆめろう【5勝4敗】 （1R3分55秒KO  パウンド）   ☆ライト級ワンマッチ ●クレイエル・アビソカ【1勝1敗】 🆚 ○ステシエン・チェット【2勝0敗】 （3R終了　判定3-0）   ☆ミドル級ワンマッチ ○アトゥリうえはら【1勝1,2026-05-28T20:11:44
note-n5d2777f5af90.html,https://note.com/xyz1090/n/n5d2777f5af90,ターゲットNo.94対戦カード｜アラカク通信のーと,ターゲットNo.94対戦カード  ☆ライト級ワンマッチ 🟦 だいな 23歳 177cm ターゲットPJ 【2勝1敗】 🆚 🟥 きたむら 29歳170cm vkデリンジャー 【16勝5敗】  ☆ミドル級ワンマッチ 🟥きんとき 34歳 190cm ターゲットプロジェクト 【8勝9敗】 🆚 🟦サム・ラッシュ 23歳 184cm ターゲットプロジェクト 【メジャーデビュー戦】  ☆ライト級ワンマッチ 🟥つおし 33歳170cmチームドタバタ 【1勝0敗】 🆚 🟦つくりはら 24歳 174cm バトン柔術 【1勝0敗】  ☆ライト級ワンマッチ 🟥きょうない 25歳 167cm せみおかトレーニン,2026-05-28T20:11:44
note-n63690ded65ef.html,https://note.com/xyz1090/n/n63690ded65ef,ターゲットNo.88試合結果｜アラカク通信のーと,ターゲットNo.88試合結果  ☆ライト級ワンマッチ ●かぶと🆚○だいな 1R2分11秒TKO（左ストレート→パウンド®️）   ☆ライト級ワンマッチ ○センサー・ファッジ🆚●バイソンデビル 1R1分39秒（フロントネックロック）   ☆ライト級ワンマッチ ●ハリス・オルビック🆚○ワインセル 3R0分25秒KO（左フック）,2026-05-28T20:11:44
note-n649d6e4ecaaa.html,https://note.com/xyz1090/n/n649d6e4ecaaa,第６回 MAXバウトライト級トーナメント一回戦　Ｂブロック｜アラカク通信のーと,🚨第6回MAXバウトライト級トーナメント出場選手 ①名前②キャッチコピー ③年齢④身長⑤所属ジム ⑥メジャー戦績⑦主戦団体⑧白グローブ出場回数 ⑨タイトル  ☆第一試合 ①ランダーデビル  ②［デビル軍の絶対的エース］ ③33歳 ④174cm ⑤デビル軍 ⑥【22勝4敗】⑦M・H ⑧4回目 ⑨現M・Hライト級王者、第5回MAXバウトライト級トーナメント優勝 🆚 ①ローリングjr  ②［ネオマーキーズの落雷］ ③25歳 ④186cm ⑤チームハーツ ⑥【メジャー戦績無し】⑦ネオマーキーズ⑧1回目 ⑨,2026-05-28T20:11:44
note-n672f34b0e481.html,https://note.com/xyz1090/n/n672f34b0e481,マウンテン・ヒーローズNo.31試合結果｜アラカク通信のーと,マウンテン・ヒーローズNo.31試合結果  ☆ミドル級ワンマッチ ○ゼット【11勝5敗】 🆚 ●クロノ・マリーケン【8勝7敗】 （2R3分18秒KO  パウンド）   ☆ライト級ワンマッチ ●イスカン・アステ【2勝1敗】 🆚 ○ダブド・ガブリシャン【3勝0敗】 （3R終了　判定3-0）   ☆ライト級ワンマッチ ○くわしお【10勝6敗】 🆚 ●ビクトル・ナッカー【1勝2敗】 （1R4分11秒KO  左フック→パウンド）   ☆ライト級ワンマッチ ○ローリングjr 【3勝2敗】 🆚 ●ジョン・バレー【2勝4敗】 （1R1分47秒　ギロチンチョーク）   ☆ライト級ワン,2026-05-28T20:11:44
note-n68c4a85d8fbb.html,https://note.com/xyz1090/n/n68c4a85d8fbb,第5回MAXバウトミドル級GP一回戦Aグループ　試合結果｜アラカク通信のーと,第5回MAXバウトミドル級GP一回戦　Aグループ 試合結果  ☆第一試合 ○ミサ・ウィル・ジョー🆚●ヘル・ラッサー （３Ｒ終了 判定3-0）   ☆第二試合 ○ルージュド・スターリー🆚●シガー・ユーナイム （1R2分11秒　トライアングルアームバー）   ☆第三試合 ●おとさわ🆚○ゼット （3R3分4秒ＫＯ　左ハイキック→パウンド）   ☆第四試合 ●チャールス・ブランディン🆚○かべい （1R1分28秒ＫＯ　左フック）,2026-05-28T20:11:44
note-n6b86d08a619d.html,https://note.com/xyz1090/n/n6b86d08a619d,ターゲットNo.100対戦カード｜アラカク通信のーと,ターゲットNo.100対戦カード  ☆ターゲットミドル級タイトルマッチ 🟥かべい 29歳 188cm チームジャパン　 【12勝4敗】 現ターゲットミドル級王者 🆚 🟦ギタミン・アーロン 36歳 185cm VKデリンジャー 【12勝4敗】 MAXバウトヘビー級王者  ☆ターゲットライト級タイトルマッチ 🟥わく 27歳177cm日本MMAチーム 【10勝2敗】 現ターゲットライト級王者 🆚 🟦 つくりはら 25歳174cmバトン柔術 【5勝1敗】  ☆ライト級ワンマッチ 🟥ワインセル 32歳165cmワインセルジム 【10勝8敗】 🆚 🟦だいな 24歳177cm ターゲットPJ 【5勝,2026-05-28T20:11:44
note-n6bd1c179db22.html,https://note.com/xyz1090/n/n6bd1c179db22,おめでとうございます🎉㊗️🎊🎂｜アラカク通信のーと,2023年7月15日 選手全員の誕生日です！！,2026-05-28T20:11:44
note-n6bea445ebaef.html,https://note.com/xyz1090/n/n6bea445ebaef,第7回MAXバウトライト級GP決勝　対戦カード｜アラカク通信のーと,第7回MAXバウトライト級GP  ☆決勝 🟥①ランダーデビル ②デビル軍最強の男 ③35歳④174cm⑤デビル軍 ⑥【29勝5敗】⑦M・H⑧5回目 ⑨現M・Hライト級王者 第5回 MAXバウトライト級トーナメント優勝 ⑩ブルーワン 🆚 🟦①ブルーワン ②皇帝ビッグウェーブ ③28歳④178cm⑤エキサイトクラス ⑥【19勝5敗】⑦エンペラー⑧5回目 ⑨現エンペラーライト級王者 ⑩イスカン・アステ,2026-05-28T20:11:44
note-n6e32a2c78e47.html,https://note.com/xyz1090/n/n6e32a2c78e47,MAXバウトスペシャルワンマッチ大会No.2試合結果｜アラカク通信のーと,MAXバウトスペシャルワンマッチ大会No.2試合結果  ☆ライト級スペシャルワンマッチ ●ブルーワン【20勝6敗】 🆚 ○イスカン・アステ【7勝2敗】 （3R1分57秒KO  左フック→パウンド）  ☆ライト級スペシャルワンマッチ ○ランダーデビル【30勝6敗】 🆚 ●わく 【11勝3敗】 （1R3分00秒  RNC）  ☆ライト級スペシャルワンマッチ ○マルコ・フレイザー【11勝3敗】 🆚 ●ダブド・ガブリシャン【6勝3敗】 （3R終了　判定2-1）  ☆ライト級スペシャルワンマッチ ○きたむら【20勝6敗】 🆚 ●さんごく【8勝4敗】 （3R0分10秒KO &n,2026-05-28T20:11:44
note-n6f1a34980c04.html,https://note.com/xyz1090/n/n6f1a34980c04,第７回MAXバウトライト級GP二回戦試合結果（Aブロック）｜アラカク通信のーと,第７回MAXバウトライト級GP二回戦試合結果  ☆Aブロック第一試合 ●つくりはら【5勝1敗】 🆚 ◯ランダーデビル【28勝5敗】 （2R2分49秒　アームバー）  ☆Aブロック第二試合 ◯イスカン・アステ【6勝1敗】 🆚 ●マルコ・フレイザー【9勝3敗】 （2R2分43秒KO   ボディへの膝蹴り）,2026-05-28T20:11:44
note-n6f402a63952c.html,https://note.com/xyz1090/n/n6f402a63952c,マウンテン・ヒーローズNo.28 & ターゲットNo.91 エンペラーNo.112合同大会試合結果｜アラカク通信のーと,マウンテン・ヒーローズNo.28 & ターゲットNo.91 エンペラーNo.112合同大会  🔥マウンテン・ヒーローズ🔥 ☆ライト級ワンマッチ ●ストライン・カーン🆚 ○アイス・トロン （1R3分35秒KO   左ハイキック→パウンド）   ☆ライト級ワンマッチ ○くわしお🆚●ローリングjr  （2R2分05秒　ギロチンチョーク）   ☆ライト級ワンマッチ ○キマイラ🆚●かわかみ （1R2分39秒KO   左フック→パウンド）   🔥ターゲットNo.91🔥 ☆ライト級ワ,2026-05-28T20:11:44
note-n7162ed1dfdcf.html,https://note.com/xyz1090/n/n7162ed1dfdcf,マウンテン・ヒーローズNo.32試合結果｜アラカク通信のーと,マウンテン・ヒーローズNo.32  ☆ライト級ワンマッチ（ノンタイトル） ●アイス・トロン【45勝14敗】 🆚 ○ランダーデビル【26勝5敗】 （3R終了　判定3-0）   ☆ライト級ワンマッチ ○さんごく【7勝2敗】 🆚 ●レオナルド・フォードバック【0勝1敗】 （1R0分45秒ＫＯ　左フック→パウンド）   ☆ライト級ワンマッチ ○くわしお【11勝6敗】 🆚 ●バン・ベルソーザ 【0勝2敗】 （3R3分05秒ＫＯ　左ストレート）   ☆ライト級ワンマッチ ○イスカン・アステ【3勝1敗】 🆚 ●ヨルセン・バクダリア【1勝3敗】 （1R1分48秒ＫＯ　グラウンドからの肘打ち連,2026-05-28T20:11:44
note-n729f0f7775b4.html,https://note.com/xyz1090/n/n729f0f7775b4,エンペラーNo.116試合結果｜アラカク通信のーと,エンペラーNo.116  ☆ミドル級ワンマッチ ○さかえだ【20勝8敗】 🆚 ●ダイス・ヴォルケード【5勝3敗】 （3R終了判定3-0）   ☆ライト級ワンマッチ ○マルコ・フレイザー【7勝2敗】 🆚 ●ブライン・ジャスター【0勝1敗】 （1R0分58秒KO  バックからのパウンド連打）   ☆ライト級ワンマッチ ○ステシエン・チェット【4勝0敗】 🆚 ●ワンシー・オーフェル【0勝1敗】 （1R4分08秒　RNC）,2026-05-28T20:11:44
note-n72c0ef38b7dc.html,https://note.com/xyz1090/n/n72c0ef38b7dc,第７回MAXバウトライト級GP二回戦試合結果（Ｂブロック）｜アラカク通信のーと,第７回MAXバウトライト級GP二回戦試合結果  ☆Ｂブロック第一試合 ●コルト・アプロー【21勝13敗】 🆚 ○ブルーワン【18勝5敗】 （1R2分42秒KO   ハイキック→パンチ）  ☆Ｂブロック第二試合 ○ダブド・ガブリシャン【6勝1敗】 🆚 ●ローリングJr.【5勝3敗】 （1R3分29秒KO  パウンド連打） ＊試合後ダブド・ガブリシャンに注意１,2026-05-28T20:11:44
note-n74034f313f19.html,https://note.com/xyz1090/n/n74034f313f19,ターゲットNo.96試合結果｜アラカク通信のーと,ターゲットNo.96  ☆ミドル級王座決定戦 ●おとさわ【21勝15敗】 🆚 ○かべい【11勝4敗】 （2R3分19秒KO   サッカーボールキック→パウンド） ※かべいが第10代ターゲットミドル級王者に！   ☆ライト級ワンマッチ ●フラーム・グラン【17勝11敗】 🆚 ○きたむら【18勝5敗】 （1R1分54秒KO  膝蹴り→パウンド）   ☆ライト級ワンマッチ ○だいな【3勝2敗】 🆚 ●つおし【1勝2敗】 （1R1分55秒KO   左ハイキック）,2026-05-28T20:11:44
note-n741bee7db1bb.html,https://note.com/xyz1090/n/n741bee7db1bb,ターゲットNo.99対戦カード｜アラカク通信のーと,ターゲットNo.99対戦カード  ☆ライト級ワンマッチ 🟥わく 27歳177cm日本MMAチーム 【9勝2敗】 🆚 🟦バイソンデビル 27歳 177cm デビル軍 【1勝1敗】  ☆ライト級ワンマッチ 🟥きょうない 26歳 167cm せみおかトレーニング 【2勝3敗】 🆚 🟦レーサー・ガルシア 20歳 178cm チームセイバー 【1勝1敗】  ☆ライト級ワンマッチ 🟥エメラルド・バンキー 30歳 170cm キラーファイトジム　　　　　　　　 【1勝3敗】 🆚 🟦つおし 34歳170cmチームドタバタ 【1勝2敗】,2026-05-28T20:11:44
note-n74c108e27e29.html,https://note.com/xyz1090/n/n74c108e27e29,第7回MAXバウトライト級GP【Aブロック】対戦カード｜アラカク通信のーと,🚨①名前②キャッチコピー ③年齢④身長⑤所属ジム ⑥メジャー戦績⑦主戦団体⑧白グローブ出場回数⑨タイトル⑩戦いたい相手  【Ａブロック】  ☆第一試合 🟥①ランダーデビル ②デビル軍最強の男 ③35歳④174cm⑤デビル軍 ⑥【26勝5敗】⑦M・H⑧5回目 ⑨現M・Hライト級王者 第5回 MAXバウトライト級トーナメント優勝 ⑩ブルーワン 🆚 🟦①キマイラ ②ケンカ幻獣 ③26歳④170cm⑤チームボイス ⑥ 【6勝5敗】 ⑦M・H⑧2回目 ⑨なし ⑩くわしお  ☆第二試合 🟥①くわしお ②帰ってきたカリスマ貴公子 ③31歳④172cm⑤カイザーアスリート ⑥【11勝6敗】⑦M・H⑧2,2026-05-28T20:11:44
note-n7a8c70a7b86d.html,https://note.com/xyz1090/n/n7a8c70a7b86d,第７回MAXバウトライト級GP決勝  試合結果｜アラカク通信のーと,☆決勝 ●ランダーデビル【29勝6敗】 🆚 ○ブルーワン【20勝5敗】 （2R 1分03秒ＫＯ　左フック）  🏆第７回MAXバウトライト級GP優勝🏆 【ブルーワン】,2026-05-28T20:11:44
note-n7ac855e720de.html,https://note.com/xyz1090/n/n7ac855e720de,エンペラーNo.110対戦カード決定｜アラカク通信のーと,エンペラーNo.110対戦カード  ☆ミドル級ワンマッチ ダートソン 22歳 182cm チーム・ボイス 【0勝1敗】 🆚 レイ・ガシーオ 33歳 186cm サイクロンジム 【1勝2敗】   ☆ミドル級ワンマッチ ブレード・アロー 30歳 190cm キンプロ 【メジャー初参戦】 🆚 パリド・アーディン 26歳 185cm フリー 【0勝1敗】   ☆ミドル級ワンマッチ ダイス・ヴォルケード 31歳 190cm ＫＢMトップチーム 【1勝1敗】 🆚 ヴァン・ブルックス 26歳 ,2026-05-28T20:11:44
note-n7b52213fc431.html,https://note.com/xyz1090/n/n7b52213fc431,第５回MAXバウトミドル級トーナメント８　対戦カード｜アラカク通信のーと,第５回MAXバウトミドル級トーナメント８　対戦カード  🚨①名前②キャッチコピー ③年齢④身長⑤所属ジム ⑥メジャー戦績⑦主戦団体⑧白グローブ出場回数 ⑨タイトル⑩戦いたい相手    ☆Aブロック第一試合 ①クロノ・マリーケン ②情無しヒットマン ③ 28歳 ④183cm ⑤チームパウルソン ⑥【8勝5敗】⑦M・H⑧2回目 ⑨元ケンカFCミドル級王者 ⑩ギタミン・アーロン 🆚 ①さかえだ ②日本ミドル級ストライキングのエース ③ 32歳 ④180cm ⑤日本MMAチーム ⑥【17勝7敗】⑦エンペラー⑧4回目 ⑨なし ,2026-05-28T20:11:44
note-n7c5e9c9e8a5b.html,https://note.com/xyz1090/n/n7c5e9c9e8a5b,ターゲットNo.89試合結果｜アラカク通信のーと,ターゲットNo.89試合結果  ☆ライト級タイトルマッチ ●フラーム・グラン🆚○わく   （3R終了　判定3-0） 👑わくは9代目ターゲットライト級王者へ   ☆ミドル級ワンマッチ ●ビル・ジャガー🆚○ミハエル・ボタルニカ （1R終了時TKO  ドクターストップ 足の負傷）   ☆ミドル級ワンマッチ ○シガー・ユーナイム🆚●おとさわ （2R3分19秒TKO パウンド®️）   ☆ミドル級ワンマッチ ●アリベル・アリベラ🆚○かべい （1R2分08秒TKO グランド膝蹴り®️）   ☆ライト級ワンマッチ ●だいな🆚○イベ,2026-05-28T20:11:44
note-n7c63ad4c39b2.html,https://note.com/xyz1090/n/n7c63ad4c39b2,第5回MAXバウトミドル級GP一回戦Bグループ　試合結果｜アラカク通信のーと,第5回MAXバウトミドル級GP一回戦Bグループ　試合結果   ☆第一試合 ○テール・ジャンク🆚●らんちゃーすがや （1R0分38秒ＫＯ　左フック→肘打ち→パウンド）   ☆第二試合 ○さかえだ🆚●ミハエル・ボタルニカ （3R終了　判定3-0）   ☆第三試合 ●トルー・パルドレス🆚○ダイス・ヴォルケード （2R1分57秒ＫＯ　左ハイキック）   ☆第四試合 ○クロノ・マリーケン🆚●ギタミン・アーロン （2R0分28秒ＫＯ　バックハンドブロー→パウンド）,2026-05-28T20:11:44
note-n7e05e265c43b.html,https://note.com/xyz1090/n/n7e05e265c43b,MAXバウトスペシャルワンマッチ大会｜アラカク通信のーと,MAXバウトスペシャルワンマッチ大会  🚨①名前②キャッチコピー ③年齢④身長⑤所属ジム ⑥メジャー戦績⑦主戦団体 ⑧タイトル  ☆ヘビー級ワンマッチ（98kg契約） 🟥①テール・ジャンク ②Unknown ③33歳 ④186cm ⑤Sジム ⑥【27勝2敗】⑦M・H ⑧ 現M・Hミドル級王者 第２回３回５回MAXバウトミドル級GP優勝 🆚 🟦①タイプ・ジー ②無し ③29歳 ④185cm ⑤パーフェクトジム ⑥【メジャーデビュー戦】⑦タイラントFC ⑧現タイラントヘビー級王者  ☆ミドル級ワンマッチ 🟥 ①ミサ・ウィル・ジョー ②ラスボス ③38歳④185cm⑤ミサイル・ジョー ⑥【1,2026-05-28T20:11:44
note-n7fba6b39d4af.html,https://note.com/xyz1090/n/n7fba6b39d4af,第7回MAXバウトライト級GP一回戦Aブロック試合結果｜アラカク通信のーと,【Ａブロック】 ☆第一試合  ○ランダーデビル【27勝5敗】 🆚 ●キマイラ【6勝6敗】 （1R4分09秒KO　肘打ち→パウンド）  ☆第二試合  ●くわしお【11勝7敗】 🆚 ○ブルーワン【17勝5敗】 （1R2分00秒KO  飛び膝蹴り→パウンド）  ☆第三試合  ○つくりはら【5勝0敗】 🆚 ●ステシエン・チェット【4勝1敗】 （3R終了　判定3-0）  ☆第四試合  ○コルト・アプロー【21勝12敗】 🆚 ●だいな【5勝3敗】 （1R3分18秒KO  パウンド）   #アラカク #あらかく #格闘技 #架空 #クロコップ #mma,2026-05-28T20:11:44
note-n8395592b2179.html,https://note.com/xyz1090/n/n8395592b2179,ターゲットNo.95対戦カード｜アラカク通信のーと,ターゲットNo.95対戦カード  ☆ミドル級ワンマッチ 🟥かべい 28歳 188cm チームジャパン　 【9勝4敗】 🆚 🟦シガー・ユーナイム 30歳 190cm ワンデイジム 【3勝1敗】  ☆ミドル級ワンマッチ 🟥おとさわ 33歳 183cm ゴッサブジャパン 【20勝14敗】 🆚 🟦 ミハエル・ボタルニカ 36歳188cmレ・ジェンド 【4勝3敗】  ☆ライト級ワンマッチ 🟥ワインセル 31歳 165cm ワインセルジム 【8勝7敗】 🆚 🟦センサー・ファッジ 31歳 174cm チームフラッシュ 【3勝2敗】  ☆ライト級ワンマッチ 🟥 つくりはら 24歳 ,2026-05-28T20:11:44
note-n85e79ea2fbaf.html,https://note.com/xyz1090/n/n85e79ea2fbaf,ターゲットNo.92対戦カード決定｜アラカク通信のーと,ターゲットNo.92対戦カード  ☆ライト級ワンマッチ 🟥スペイラ 48歳 173cm RFチームスペイラ 【1勝2敗】 🆚 🟦ろっこう 24歳 168cm はっとり道場 【メジャーデビュー戦】   ☆ライト級ワンマッチ 🟥ハリス・オルビック 39歳 175cm チームリクター  【26勝16敗】 🆚 🟦センサー・ファッジ 30歳 174cm チームフラッシュ 【3勝1敗】   ☆ライト級ワンマッチ 🟥だいな 22歳 177cm ターゲットPJしんたくチーム 【1勝1敗】 🆚 🟦レーサー・ガルシア 18歳 178cm セイバーズ 【デビュー戦】   ☆ミドル級ワンマッチ 🟥おとさわ 3,2026-05-28T20:11:44
note-n89a58b4cf383.html,https://note.com/xyz1090/n/n89a58b4cf383,第7回MAXバウトライト級GP一回戦Bブロック試合結果｜アラカク通信のーと,【Bブロック】 ☆第一試合  ○イスカン・アステ【5勝1敗】 🆚 ●きたむら【18勝6敗】 （3R2分02秒KO  左フック→パウンド）  ☆第二試合  ○マルコ・フレイザー【9勝2敗】 🆚 ●ワインセル【10勝8敗】 （2R3分16秒KO  パウンド）  ☆第三試合  ●わく【9勝2敗】 🆚 ○ローリングJr.【5勝2敗】 （1R2分17秒KO  左ハイキック→パウンド）  ☆第四試合  ●さんごく【7勝3敗】 🆚 ○ダブド・ガブリシャン【5勝1敗】 （3R2分09秒　リアネイキッドチョーク）   #アラカク #あらかく #格闘技 #架空 #クロコップ ,2026-05-28T20:11:44
note-n8a46f5d53a27.html,https://note.com/xyz1090/n/n8a46f5d53a27,ターゲットNo.100試合結果｜アラカク通信のーと,ターゲットNo.100試合結果  ☆ターゲットミドル級タイトルマッチ ●かべい【12勝5敗】 🆚 ○ギタミン・アーロン【13勝4敗】 （3R2分32秒TKO  パウンド タオル投入） ＊ギタミン・アーロンが第10代ターゲットミドル級王者  ☆ターゲットライト級タイトルマッチ ○わく【11勝2敗】 🆚 ●つくりはら【5勝2敗】 （3R終了判定2-1） わくがタイトル防衛成功（2度目）  ☆ライト級ワンマッチ ○ワインセル【11勝8敗】 🆚 ●だいな【5勝4敗】 （1R1分20秒KO  左フック）  ☆ライト級ワンマッチ ○きたむら【19勝6敗】 🆚 ●つおし【2勝3敗,2026-05-28T20:11:44
note-n8a9690e9e63b.html,https://note.com/xyz1090/n/n8a9690e9e63b,おめでとうございます🎉㊗️🎊🎂｜アラカク通信のーと,2024年7月15日 選手全員の誕生日です！！,2026-05-28T20:11:44
note-n8d8ac134c062.html,https://note.com/xyz1090/n/n8d8ac134c062,第７回MAXバウトライト級GP 準決勝　試合結果｜アラカク通信のーと,☆準決勝Ａブロック ○ランダーデビル【29勝5敗】 🆚 ●イスカン・アステ【6勝2敗】 （1R4分45秒　リアネイキッドチョーク）  ☆準決勝Ｂブロック ○ブルーワン【19勝5敗】 🆚 ●ダブド・ガブリシャン【6勝2敗】 （1R2分21秒ＫＯ　アームバー→パウンド）,2026-05-28T20:11:44
note-n8da1505d0ea4.html,https://note.com/xyz1090/n/n8da1505d0ea4,第６回 MAXバウトライト級トーナメント準決勝｜アラカク通信のーと,第６回 MAXバウトライト級トーナメント準決勝 ⬇️選手情報です⬇️  🚨①名前②キャッチコピー ③年齢④身長⑤所属ジム ⑥メジャー戦績⑦主戦団体⑧白グローブ出場回数 ⑨タイトル  ☆第一試合 ①ランダーデビル  ②［デビル軍の絶対的エース］ ③33歳 ④174cm ⑤デビル軍 ⑥【24勝4敗】⑦M・H ⑧4回目 ⑨現M・Hライト級王者、第5回MAXバウトライト級トーナメント優勝 🆚 ①ブルーワン ②［最恐ビッグウェーブ］ ③25歳 ④178cm ⑤ブルーワンジム ⑥【13勝4敗】⑦エンペラー&n,2026-05-28T20:11:44
note-n91566d01688a.html,https://note.com/xyz1090/n/n91566d01688a,ターゲットNo.95試合結果｜アラカク通信のーと,ターゲットNo.95試合  ☆ミドル級ワンマッチ ○かべい　【10勝4敗】 🆚 ●シガー・ユーナイム【3勝2敗】 （1R1分43秒ＫＯ　左フック）   ☆ミドル級ワンマッチ ○おとさわ【21勝14敗】 🆚 ●ミハエル・ボタルニカ【4勝4敗】 （3R終了　判定2-1）   ☆ライト級ワンマッチ ○ワインセル【9勝7敗】 🆚 ●センサー・ファッジ【3勝3敗】 （2R2分44秒ＫＯ　サッカーボールキック）   ☆ライト級ワンマッチ ○つくりはら【3勝0敗】 🆚 ●きょうない【1勝2敗】 （1R1分53秒　腕ひしぎ十字固め）   ☆ライト級ワンマッチ ○エメラルド・バンキー【1勝2敗】 🆚 ●,2026-05-28T20:11:44
note-n92c7ab623e16.html,https://note.com/xyz1090/n/n92c7ab623e16,マウンテン・ヒーローズNo.27試合結果｜アラカク通信のーと,M・H No.27試合結果  ☆ミドル級ワンマッチ（ノンタイトル） ○テール・ジャンク🆚●ライン・デュオ （1R2分12秒　フロントネックロック）   ☆ミドル級ワンマッチ ○ギタミン・アーロン🆚●ゼット （3R終了　判定3-0）   ☆ミドル級ワンマッチ ●トルー・パルドレス🆚○クロノ・マリーケン （1R0分39秒TKO  飛び膝蹴り→パウンド）   ☆ミドル級ワンマッチ ●オーシューデーモン🆚○らんちゃーすがや （1R2分55秒　アームロック）   ☆ライト級ワンマッチ ○さんごく 🆚●ヨルセン・バクダリア （2R0分53秒KO &,2026-05-28T20:11:44
note-n930df063ece1.html,https://note.com/xyz1090/n/n930df063ece1,マウンテン・ヒーローズNo.29試合結果｜アラカク通信のーと,マウンテン・ヒーローズNo.29試合結果  ☆ライト級ワンマッチ ○ローリングjr 【1勝2敗】 🆚 ●かわかみ【0勝2敗】 （1R1分23秒 ギロチンチョーク）   ☆ライト級ワンマッチ ●ヨルセン・バクダリア【0勝2敗】 🆚 ○ダブド・ガブリシャン【1勝0敗】 （1R1分32秒KO 右フック）   ☆ライト級ワンマッチ ●ジョン・バレー【2勝3敗】 🆚 ○ムラト・クツワ【1勝0敗】 （1R2分31秒TKO 左フック→パウンド®️）   ☆ライト級ワンマッチ ●ビクトル・ナッカー【1勝1敗】 🆚 ○イスカン・アステ【1勝0敗】 （1R3分21秒TKO  パウンド®️）   ,2026-05-28T20:11:44
note-n94fc656c4a37.html,https://note.com/xyz1090/n/n94fc656c4a37,第7回MAXバウトライト級GP【Ｂブロック】対戦カード｜アラカク通信のーと,🚨①名前②キャッチコピー ③年齢④身長⑤所属ジム ⑥メジャー戦績⑦主戦団体⑧白グローブ出場回数⑨タイトル⑩戦いたい相手  【Bブロック】  ☆第一試合 🟥①イスカン・アステ ②ステゴロの伝説 ③33歳④172cm⑤RFチームクリスタル ⑥【4勝1敗】⑦M・H⑧1回目 ⑨元リアルファイトライト級王者 元グレネードライト級王者 ⑩いない 🆚 🟦①きたむら ②畳のストライカー ③30歳④170cm⑤VKデリンジャー ⑥【18勝5敗】⑦ターゲット⑧3回目 ⑨なし ⑩わく  ☆第二試合 🟥①マルコ・フレイザー ②逆襲の疾風レスラー ③32歳④170cm⑤ユーリンジム ⑥【8勝2敗】⑦エンペラー⑧,2026-05-28T20:11:44
note-n96b3975ccdad.html,https://note.com/xyz1090/n/n96b3975ccdad,第６回 MAXバウトライト級トーナメント一回戦Ａブロック試合結果｜アラカク通信のーと,第６回 MAXバウトライト級トーナメント 一回戦Ａブロック試合結果  ☆第一試合 ●パット・バミューダvs○アイス・トロン 2R1分29秒KO（グランド肘打ち）  ☆第二試合 ●さんごくvs○マルコ・フレイザー 1R4分37秒KO（左フック→パウンド）  ☆第三試合 ●ジョン・バレーvs○わく 3R0分43秒KO（左ミドルキック）  ☆第四試合 ○コルト・アプローvs●センサー・ファッジ 1R3分51秒KO（飛びヒザ蹴り）   アイス・トロン（エンペラー） マルコ・フレイザー（エンペラー） わく（ターゲット） コルト・アプロー（エンペラー） 二回戦進出‼️,2026-05-28T20:11:44
note-n9a513018f5eb.html,https://note.com/xyz1090/n/n9a513018f5eb,第６回MAXバウトライト級トーナメント二回戦試合結果｜アラカク通信のーと,第６回MAXバウトライト級トーナメント２回戦 試合結果！！  ☆第一試合 ○ランダーデビル🆚●マルコ・フレイザー （1R3分8秒　トライアングルチョーク）   ☆第二試合 ○ブルーワン🆚●アイス・トロン （1R3分24秒TKO   左フック）   ☆第三試合 ○わく🆚●ゆめろう （3R2分50秒TKO   ヒザ蹴り→パウンド）   ☆第四試合 ○コルト・アプロー🆚●フラーム・グラン （1R3分54秒　アームバー）,2026-05-28T20:11:44
note-n9bc919ac257d.html,https://note.com/xyz1090/n/n9bc919ac257d,エンペラーNo.119対戦カード｜アラカク通信のーと,エンペラーNo.119対戦カード  ☆ミドル級ワンマッチ 🟥さかえだ 35歳 180cm 日本MMAチーム 【20勝10敗】 🆚 🟦ルージュド・スターリー 36歳190cm ゴッサブトップチーム 【12勝3敗】  ☆ミドル級ワンマッチ 🟥 ダートソン 26歳 182cm チーム・ボイス 【2勝3敗】 🆚 🟦ガネルソン・シャル・ワー 27歳 186cm ソニックスポーツ 【1勝0敗】  ☆ミドル級ワンマッチ 🟥さくらい 38歳 180cm VKデリンジャー 【9勝9敗】 🆚 🟦レイ・ガシーオ 37歳 186cm サイクロンジム 【2勝4敗】  ☆ミドル級ワンマッチ 🟥アトゥリうえはら 2,2026-05-28T20:11:44
note-n9bdb012eebc7.html,https://note.com/xyz1090/n/n9bdb012eebc7,ターゲットNo.101対戦カード｜アラカク通信のーと,ターゲットNo.101対戦カード  ☆ターゲットミドル級タイトルマッチ 🟥ギタミン・アーロン 37歳 185cm VKデリンジャー 【13勝4敗】 MAXバウトヘビー級王者 現ターゲットミドル級王者 🆚 🟦おとさわ 35歳183cmゴッサブジャパン 【23勝15敗】  ☆ミドル級ワンマッチ 🟥かべい 30歳 188cm チームジャパン　 【12勝5敗】 🆚 🟦ラミーロ・コート 24歳 186cm チームフラッシュ 【メジャーデビュー戦】  ☆ミドル級ワンマッチ 🟥ザモン 28歳 181cm  エキサイトクラス 【1勝1敗】 🆚 🟦オーロラデビル 24歳 188cm デビル軍 ,2026-05-28T20:11:44
note-n9c40e3dc26df.html,https://note.com/xyz1090/n/n9c40e3dc26df,ターゲットNo.98試合結果｜アラカク通信のーと,ターゲットNo.98対戦カード  ☆ライト級ワンマッチ ●フラーム・グラン【18勝12敗】 🆚 ○だいな【5勝2敗】 （3R終了　判定2-1）   ☆ライト級ワンマッチ ○ワインセル【10勝7敗】 🆚 ●きょうない【2勝3敗】 （2R2分08秒KO　パウンド）   ☆ミドル級ワンマッチ ○おとさわ【22勝15敗】 🆚 ●ザモン【0勝1敗】 （1R3分54秒　腕ひしぎ十字固め）,2026-05-28T20:11:44
note-n9c825ffb7bef.html,https://note.com/xyz1090/n/n9c825ffb7bef,マウンテン・ヒーローズNo.37試合結果｜アラカク通信のーと,マウンテン・ヒーローズNo.37  ☆ミドル級ワンマッチ ○らんちゃーすがや【7勝2敗】 🆚 ●ライン・デュオ【1勝3敗】 （3R5分00秒　ギロチンチョーク）  ☆ミドル級ワンマッチ ●クロノ・マリーケン【9勝9敗】 🆚 ○オーシューワイルド【2勝0敗】 （3R2分55秒 KO  左アッパー→パウンド）  ☆ミドル級ワンマッチ ●トワックデビル【1勝3敗】 🆚 ○ラドフ【2勝0敗】 （1R2分22秒KO  左ボディ→パウンド）  ☆ライト級ワンマッチ 🟥ヤック・タイアット【0勝1敗】 🆚 🟦きくちぴあのせん【1勝0敗】 （1R0分45秒　ＲＮＣ）,2026-05-28T20:11:44
note-n9c82c5dfdabb.html,https://note.com/xyz1090/n/n9c82c5dfdabb,ターゲットNo.89対戦カード｜アラカク通信のーと,ターゲットNo.89対戦カード  ☆ライト級タイトルマッチ 👑フラーム・グラン 34歳 175cm チームドータ 【16勝9敗】 🆚 わく   24歳 177cm 日本MMAチーム　　　　　 【6勝1敗】   ☆ミドル級ワンマッチ ビル・ジャガー 39歳 184cm ジャガーグランド 【13勝11敗】 🆚 ミハエル・ボタルニカ 34歳 188cm  レ・ジェンド 【3勝2敗】   ☆ミドル級ワンマッチ シガー・ユーナイム 28歳190cm ワンデイジム 【メジャーデビ,2026-05-28T20:11:44
note-n9ee31e434b2a.html,https://note.com/xyz1090/n/n9ee31e434b2a,おめでとうございます🎉㊗️🎊🎂｜アラカク通信のーと,2022年7月15日 選手全員の誕生日です！！,2026-05-28T20:11:44
note-n9ffa2d8d29d4.html,https://note.com/xyz1090/n/n9ffa2d8d29d4,第５回MAXバウトミドル級トーナメント準決勝結果｜アラカク通信のーと,第５回MAXバウトミドル級トーナメント4 試合結果   ☆準決勝Aブロック ○ミサ・ウィル・ジョー🆚●さかえだ （1R2分56秒KO スープレックス→パウンド）   ☆準決勝Bブロック ●ゼット🆚○テール・ジャンク （2R0分53秒KO  肘打ち）  決勝は ミサ・ウィル・ジョー🆚テール・ジャンク,2026-05-28T20:11:44
note-na3a5e6156f2f.html,https://note.com/xyz1090/n/na3a5e6156f2f,ターゲットNo.99試合結果｜アラカク通信のーと,ターゲットNo.99  ☆ライト級ワンマッチ ○わく【10勝2敗】 🆚 ●バイソンデビル【1勝2敗】 （1R2分25秒ＫＯ　膝蹴り連打）   ☆ライト級ワンマッチ ●きょうない【2勝4敗】 🆚 ○レーサー・ガルシア【2勝1敗】 （1R2分52秒　RNC）   ☆ライト級ワンマッチ ○つおし【2勝2敗】 🆚 ●エメラルド・バンキー【1勝4敗】 （1R1分49秒ＫＯ　左アッパー→サッカーボールキック）,2026-05-28T20:11:44
note-na7a62e09f61c.html,https://note.com/xyz1090/n/na7a62e09f61c,エンペラーNo.113 試合結果｜アラカク通信のーと,エンペラーNo.113試合結果  ☆ミドル級ワンマッチ ●レイ・ガシーオ【2勝3敗】 🆚 ○ダートソン【1勝2敗】 （1R1分43秒KO   スタンドパンチ連打）   ☆ライト級ワンマッチ ●さくらい【8勝8敗】 🆚 ○クレイエル・アビソカ【1勝0敗】 （1R2分16秒KO   飛び膝蹴り→パウンド）   ☆ライト級ワンマッチ ●ゆめろう【5勝3敗】 🆚 ○ステシエン・チェット【1勝0敗】 （1R2分34秒　ダースチョーク）   ☆ライト級ワンマッチ ●ナパーム【14勝12敗】 🆚 ○パット・バミューダ【1勝1敗】 （2R2分02秒KO 左ボディ→パウンド）   ☆,2026-05-28T20:11:44
note-na86197774d5e.html,https://note.com/xyz1090/n/na86197774d5e,第６回 MAXバウトライト級トーナメント決勝｜アラカク通信のーと,第６回 MAXバウトライト級トーナメント決勝 ⬇️選手情報です⬇️  🚨①名前②キャッチコピー ③年齢④身長⑤所属ジム ⑥メジャー戦績⑦主戦団体⑧白グローブ出場回数 ⑨タイトル   ☆決勝 ①ブルーワン ②［最恐ビッグウェーブ］ ③25歳 ④178cm ⑤ブルーワンジム ⑥【14勝4敗】⑦エンペラー ⑧3回目 ⑨元エンペラーライト級王者 🆚 ①コルト・アプロー ②［マジックバイパー］ ③36歳 ④175cm ⑤マジシャンズA ⑥【17勝10敗】⑦エンペラー ⑧4回目 ⑨元エンペラーライト級王者,2026-05-28T20:11:44
note-na8af7e0deb18.html,https://note.com/xyz1090/n/na8af7e0deb18,マウンテン・ヒーローズNo.34 対戦カード｜アラカク通信のーと,マウンテン・ヒーローズNo.34 対戦カード  ☆ヘビー級ワンマッチ 🟥テール・ジャンク 33歳 186cm  101kg  Sジム 【26勝2敗】 🆚 🟦クーラー・ジョイントン 27歳 200cm 115kg チームアイアン 【メジャーデビュー戦】 タイラントFC 8勝3敗  ☆ミドル級ワンマッチ 🟥ゼット 34歳 188cm RFチームクリスタル 【11勝5敗】 🆚 🟦ライン・デュオ 30歳 188cm クードースポーツ 【0勝1敗】  ☆ライト級ワンマッチ 🟥イスカン・アステ 33歳 172cm RFチームクリスタル 【3勝1敗】 🟦ジョン・バレー 39歳 1,2026-05-28T20:11:44
note-nab6c0086a467.html,https://note.com/xyz1090/n/nab6c0086a467,ターゲットNo.90　エンペラーNo.111合同大会対戦カード｜アラカク通信のーと,ターゲットNo.90　エンペラーNo.111合同大会  ☆ターゲットミドル級ワンマッチ おとさわ 31歳 183cm ゴッサブジャパン 【18勝13敗】 🆚 きんとき 32歳 190cm ターゲットプロジェクトチーム 【8勝8敗】   ☆ターゲットミドル級ワンマッチ シガー・ユーナイム 28歳190cm ワンデイジム 【1勝0敗】 🆚 ファン・ミール・セイバー 34歳 186cm マジシャンズ 【7勝7敗】   ☆エンペラーミドル級ワンマッチ チャールス・ブランディン 31歳 189cm オーバー,2026-05-28T20:11:44
note-nab8d74ad1a56.html,https://note.com/xyz1090/n/nab8d74ad1a56,ターゲットNo.102対戦カード｜アラカク通信のーと,ターゲットNo.102対戦カード  ☆ライト級ワンマッチ 🟥きたむら 31歳  170cm  VKデリンジャー 【20勝6敗】 🆚 🟦つくりはら 26歳  174cm  バトン柔術 【6勝2敗】  ☆ミドル級ワンマッチ 🟥シガー・ユーナイム 32歳 190cm ワンデイジム 【3勝2敗】 🆚 🟦ザモン 28歳 181cm  エキサイトクラス 【1勝2敗】  ☆ミドル級ワンマッチ 🟥ミハエル・ボタルニカ 38歳 188cm レ・ジェンド 【4勝4敗】 🆚 🟦オーロラデビル 24歳 188cm デビル軍 【1勝0敗】  ☆ミドル級ワンマッチ,2026-05-28T20:11:44
note-nac5b58ff480e.html,https://note.com/xyz1090/n/nac5b58ff480e,第7回MAXバウトライト級GP二回戦Ｂブロック対戦カード｜アラカク通信のーと,第7回MAXバウトライト級GP二回戦Ｂブロック  🚨①名前②キャッチコピー ③年齢④身長⑤所属ジム ⑥メジャー戦績⑦主戦団体⑧白グローブ出場回数⑨タイトル⑩戦いたい相手  ☆Ｂブロック第一試合 🟥①コルト・アプロー ②連覇を狙うホワイトバイパー ③39歳④175cm⑤マジシャンズ ⑥【21勝12敗】⑦エンペラー⑧5回目 ⑨元エンペラーライト級王者 第6回 MAXバウトライト級トーナメント優勝 ⑩ランダーデビル 🆚 🟦①ブルーワン ②皇帝ビッグウェーブ ③28歳④178cm⑤エキサイトクラス ⑥【17勝5敗】⑦エンペラー⑧5回目 ⑨現エンペラーライト級王者 ⑩イスカン・アステ  ☆Ｂブロ,2026-05-28T20:11:44
note-nadf56e116c17.html,https://note.com/xyz1090/n/nadf56e116c17,マウンテン・ヒーローズNo.36試合結果｜アラカク通信のーと,マウンテン・ヒーローズNo.36試合結果  ☆ミドル級ワンマッチ ○ゼット【12勝6敗】 🆚 ●ヘル・ラッサー【0勝3敗】 （3R3分13秒ＫＯ　左ハイキック）   ☆ミドル級ワンマッチ ●トルー・パルドレス【4勝5敗】 🆚 ○オーシューワイルド【1勝0敗】 （1R 3分54秒ＫＯ　左フック→パウンド）   ☆ミドル級ワンマッチ ●シェーン・ロブソン【0勝1敗】 🆚 ○ラドフ【1勝0敗】 （1R1分20秒ＫＯ　左フック）   ☆ライト級ワンマッチ ○さんごく【8勝3敗】 🆚 ●キマイラ【6勝7敗】 （1R3分20秒ＫＯ　右フック）,2026-05-28T20:11:44
note-nb2d5ed6ff53e.html,https://note.com/xyz1090/n/nb2d5ed6ff53e,第５回MAXバウトミドル級トーナメント【決勝】｜アラカク通信のーと,☆決勝  🟦①ミサ・ウィル・ジョー ②ラスボス ③36歳④185cm⑤ミサイル・ジョー ⑥【13勝1敗】⑦エンペラー⑧2回目 ⑨元キングプロレスヘビー級王者 　現エンペラーミドル級王者 　第4回MAXバウトミドル級トーナメント優勝 ⑩ブレード・アロー 🆚 🟥①テール・ジャンク ②Unknown ③ 31歳 ④186cm ⑤Sジム ⑥【24勝2敗】⑦M・H⑧4回目 ⑨現M・Hミドル級王者 　第2回、第3回MAXバウトミドル級トーナメント優勝 ⑩ミサ・ウィル・ジョー  🚨①名前②キャッチコピー ③年齢④身長⑤所属ジム ⑥メジャー戦績⑦主戦団体⑧白グローブ出場回数 ⑨タイトル⑩戦いたい相手,2026-05-28T20:11:44
note-nb7b4be41c85c.html,https://note.com/xyz1090/n/nb7b4be41c85c,マウンテン・ヒーローズNo.28 & ターゲットNo.91 エンペラーNo.112合同大会　~ライト級祭り~｜アラカク通信のーと,マウンテン・ヒーローズNo.28 & ターゲットNo.91 エンペラーNo.112合同大会　~ライト級祭り~  🔥マウンテン・ヒーローズ🔥 ☆ストライン・カーン引退試合 ライト級ワンマッチ 🟥ストライン・カーン 46歳 173cm チームストライン 【30勝18敗】 🆚 🟦 アイス・トロン 45歳 173cm パーフェクトジム 【44勝13敗】   ☆ライト級ワンマッチ 🟥くわしお 29歳 172cm カイザーファイトチーム 【8勝5敗】 🆚 🟦ローリングjr  26歳 186cm チームハーツ 【0勝1敗】（M・Hはデビュー戦）   ☆ライト級ワンマッチ 🟥キマイラ 24歳 ,2026-05-28T20:11:44
note-nbc890e143fa9.html,https://note.com/xyz1090/n/nbc890e143fa9,マウンテン・ヒーローズNo.35試合結果｜アラカク通信のーと,マウンテン・ヒーローズNo.35  ☆ミドル級ワンマッチ ○らんちゃーすがや【6勝1敗】 🆚 ●あかそ【0勝1敗】 （1R4分19秒ＫＯ　左フック）   ☆ミドル級ワンマッチ ○クロノ・マリーケン【9勝8敗】 🆚 ●おおわださーべる【0勝1敗】 （1R2分26秒ＫＯ　左フック→パウンド）   ☆ライト級ワンマッチ ○ムラト・クツワ【2勝2敗】 🆚 ●かわかみ【0勝4敗】 （3R終了　判定2-1）,2026-05-28T20:11:44
note-nbc9d3618e052.html,https://note.com/xyz1090/n/nbc9d3618e052,ターゲットNo.102試合結果｜アラカク通信のーと,ターゲットNo.102試合結果  ☆ライト級ワンマッチ ●きたむら【20勝7敗】 🆚 ○つくりはら【7勝2敗】 （1R1分59秒　ヒールホールド）  ☆ミドル級ワンマッチ ●シガー・ユーナイム【3勝3敗】 🆚 🟦ザモン【2勝2敗】 （3R3分10秒KO  下からの蹴り上げ→パウンド）  ☆ミドル級ワンマッチ 🟥ミハエル・ボタルニカ【4勝5敗】 🆚 ○オーロラデビル【2勝0敗】 （2R0分59秒　ダースチョーク）  ☆ミドル級ワンマッチ ●サム・ラッシュ【1勝2敗】 🆚 ○わしかが【1勝0敗】 （1R2分12秒　V1アームロック）  ☆ミドル級ワンマッチ ●かぜの【0勝2敗】 ,2026-05-28T20:11:44
note-nc14b0906fad4.html,https://note.com/xyz1090/n/nc14b0906fad4,おめでとうございます🎉㊗️🎊🎂｜アラカク通信のーと,2025年7月15日 選手全員の誕生日です！！,2026-05-28T20:11:44
note-nc257025df66a.html,https://note.com/xyz1090/n/nc257025df66a,マウンテン・ヒーローズNo.40試合結果｜アラカク通信のーと,マウンテン・ヒーローズNo.40  ☆ミドル級ワンマッチ ○タイプ・ジー【3勝0敗】 🆚 ●ヘル・ラッサー【1勝4敗】 （1R1分35秒KO  パウンド連打）  ☆ミドル級ワンマッチ ○オーシューワイルド【3勝1敗】 🆚 ●ぱいそんはやし【1勝2敗】 （3R1分10秒KO  左フック→パウンド）  ☆ミドル級ワンマッチ ○ライン・デュオ【3勝3敗】 🆚 ●ジャニマード・トスパチ【1勝1敗】 （1R1分16秒KO  三日月蹴り）  ☆ミドル級ワンマッチ ●ローリングJr.【5勝5敗】 🆚 ○トワックデビル【2勝3敗】 （2R1分42秒  トライアン,2026-05-28T20:11:44
note-nc8662072da97.html,https://note.com/xyz1090/n/nc8662072da97,第5回MAXバウトミドル級ＧＰ一回戦Aグループ｜アラカク通信のーと,第5回MAXバウトミドル級ＧＰ 1回戦Aグループ  🚨①名前②キャッチコピー ③年齢④身長⑤所属ジム ⑥メジャー戦績⑦主戦団体⑧白グローブ出場回数 ⑨タイトル⑩戦いたい相手   ☆第一試合 ①ミサ・ウィル・ジョー ②ラスボス ③年齢36歳④身長185cm⑤所属ミサイル・ジョー ⑥メジャー戦績【10勝1敗】⑦主戦団体エンペラー⑧MAXバウト2回目 ⑨元キングプロレスヘビー級王者 　現エンペラーミドル級王者 　第4回MAXバウトミドル級トーナメント優勝 ⑩ブレード・アロー 🆚 ①ヘル・ラッサー ②マイナー二冠のネオバトルモンスター ③31歳 ④191cm ⑤ツインズ ⑥,2026-05-28T20:11:44
note-nced343dbb736.html,https://note.com/xyz1090/n/nced343dbb736,エンペラーNo.118試合結果｜アラカク通信のーと,エンペラーNo.118 試合結果  ☆ライト級ワンマッチ ○マルコ・フレイザー【10勝3敗】 🆚 ●ステシエン・チェット【4勝2敗】 （3R終了　判定3-0）  ☆ミドル級ワンマッチ ●さかえだ【20勝10敗】 🆚 ○ガネルソン・シャル・ワー【1勝0敗】 （1R1分11秒ＫＯ　左ストレート→パウンド）  ☆ミドル級ワンマッチ ○ルージュド・スターリー【12勝3敗】 🆚 ●アマルド・ビュエーラ【0勝2敗】 （3R1分10秒　アームバー）  ☆ミドル級ワンマッチ ○ダイス・ヴォルケード 35歳 190cm ＫＢMトップチーム 【7勝3敗】 🆚 ●バルバード・ブワーズ 2,2026-05-28T20:11:44
note-nd3a822943870.html,https://note.com/xyz1090/n/nd3a822943870,マウンテン・ヒーローズNo.36対戦カード｜アラカク通信のーと,マウンテン・ヒーローズNo.36  ☆ミドル級ワンマッチ 🟥ゼット 34歳 188cm RFチームクリスタル 【11勝6敗】 🆚 🟦ヘル・ラッサー 33歳 191cm ツインズ 【0勝2敗】  ☆ミドル級ワンマッチ 🟥トルー・パルドレス 27歳 190cm マジシャンズ 【4勝4敗】 🆚 🟦 オーシューワイルド 26歳 184cm  チームオーシュー 【メジャーデビュー戦】  ☆ミドル級ワンマッチ 🟥シェーン・ロブソン 28歳 201cm パンチャースポーツ 【メジャーデビュー戦】 🆚 🟦ラドフ 30歳 183cm チームカーリン 【メジャーデビュー戦】 元コールズヘビー級王,2026-05-28T20:11:44
note-nd70f3ea8e21b.html,https://note.com/xyz1090/n/nd70f3ea8e21b,マウンテン・ヒーローズNo.35対戦カード｜アラカク通信のーと,マウンテン・ヒーローズNo.35対戦カード   ☆ミドル級ワンマッチ 🟥らんちゃーすがや 29歳 185cm コミックファイト倶楽部 【5勝1敗】 🆚 🟦あかそ 31歳 182cm せみおかトレーニング 【メジャーデビュー戦】  ☆ミドル級ワンマッチ 🟥 クロノ・マリーケン 30歳 183cm チームパウルソン 【8勝8敗】 🆚 🟦おおわださーべる 26歳 188cm コミックファイト倶楽部 【メジャーデビュー戦】  ☆ライト級ワンマッチ 🟥 ムラト・クツワ 31歳 176cm KBMトップチーム 【1勝2敗】 🆚 🟦かわかみ 33歳 178cm 日本柔術協会 【0勝3敗】,2026-05-28T20:11:44
note-nd7936059d9ed.html,https://note.com/xyz1090/n/nd7936059d9ed,第５回MAXバウトミドル級トーナメント８　試合結果｜アラカク通信のーと,第５回MAXバウトミドル級トーナメント８　試合結果   ☆Aブロック第一試合 ●クロノ・マリーケン🆚○さかえだ （1R2分14秒　チョークスリーパー）    ☆Ａブロック第二試合 ○ミサ・ウィル・ジョー🆚●ダイス・ヴォルケード（3R3分48秒　ノースサウスチョーク）   ☆Ｂブロック第一試合 ●ルージュド・スターリー🆚○テール・ジャンク （2R3分12秒KO  バックスピンキック→パウンド）   ☆Ｂブロック第二試合 ○ゼット🆚●かべい （3R終了 判定2-1）   ☆準決勝 さかえだ🆚ミサ・ウィル・ジョー  テール・ジャンク🆚ゼット,2026-05-28T20:11:44
note-ndbe7c7364326.html,https://note.com/xyz1090/n/ndbe7c7364326,エンペラーNo.114対戦カード｜アラカク通信のーと,エンペラーNo.114対戦カード   ☆ミドル級ワンマッチ 🟥チャールス・ブランディン 33歳189cmオーバースロージム 【3勝4敗】 🆚 🟦さかえだ 33歳 180cm 日本MMAチーム 【18勝8敗】  ☆ミドル級ワンマッチ 🟥ダイス・ヴォルケード 33歳 190cm ＫＢMトップチーム 【4勝2敗】 　元WKミドル級王者 　WKミドル級トーナメント優勝 🆚 🟦ダートソン 24歳 182cm チーム・ボイス 【1勝2敗】  ☆ライト級ワンマッチ 🟥クレイエル・アビソカ 27歳 174cm テスジム 【1勝0敗】 🆚 🟦ステシエン・チェット 23歳 175cm カイザーアスリート ,2026-05-28T20:11:44
note-ndecd8772f601.html,https://note.com/xyz1090/n/ndecd8772f601,第６回 MAXバウトライト級トーナメント準決勝結果｜アラカク通信のーと,第６回 MAXバウトライト級トーナメント準決勝結果  ☆第一試合 ●ランダーデビル 🆚 ○ブルーワン  （3R終了判定2-1）  ☆第二試合 ●わく 🆚 ○コルト・アプロー  （1R1分57秒KO  右フック）   ☆決勝 ブルーワン🆚コルト・アプロー,2026-05-28T20:11:44
note-ne16015350a06.html,https://note.com/xyz1090/n/ne16015350a06,第7回MAXバウトライト級GP二回戦Aブロック対戦カード｜アラカク通信のーと,第7回MAXバウトライト級GP二回戦Aブロック  🚨①名前②キャッチコピー ③年齢④身長⑤所属ジム ⑥メジャー戦績⑦主戦団体⑧白グローブ出場回数⑨タイトル⑩戦いたい相手  ☆Aブロック第一試合 🟥①つくりはら ②ラビット拳法伝承者 ③25歳④174cm⑤バトン柔術 ⑥【5勝0敗】⑦ターゲット⑧1回目 ⑨元ジャパンファイトライト級王者 ⑩コルト・アプロー 🆚 🟦 ①ランダーデビル ②デビル軍最強の男 ③35歳④174cm⑤デビル軍 ⑥【27勝5敗】⑦M・H⑧5回目 ⑨現M・Hライト級王者 第5回 MAXバウトライト級トーナメント優勝 ⑩ブルーワン   ☆Aブロック第二試合 🟥 ①イスカン,2026-05-28T20:11:44
note-nea973af387f1.html,https://note.com/xyz1090/n/nea973af387f1,マウンテン・ヒーローズNo.38試合結果｜アラカク通信のーと,マウンテン・ヒーローズNo.38試合結果  ☆M・Hミドル級タイトルマッチ 🟥ゼット 35歳 188cm RFチームクリスタル 【13勝6敗】 🆚 🟦らんちゃーすがや 30歳 185cm コミックファイト倶楽部 【7勝3敗】 （2R1分53秒KO  パンチ連打） ゼットが第二代マウンテン・ヒーローズミドル級王者👑  ☆ミドル級ワンマッチ 🟥ラドフ 31歳 183cm チームカーリン 【3勝0敗】 🆚 🟦オーシューワイルド 27歳 184cm  チームオーシュー 【2勝1敗】 （1R1分45秒KO  左フック）  ☆ミドル級ワンマッチ ●ローリングJr. 2,2026-05-28T20:11:44
note-neffcc3305fb5.html,https://note.com/xyz1090/n/neffcc3305fb5,第６回 MAXバウトライト級トーナメント一回戦　Ａブロック｜アラカク通信のーと,🚨 第6回MAXバウトライト級トーナメント出場選手 ①名前②キャッチコピー ③年齢④身長⑤所属ジム ⑥メジャー戦績⑦主戦団体⑧白グローブ出場回数 ⑨タイトル   ☆第一試合 ①パット・バミューダ  ②［ファントムの鬼才］ ③32歳 ④173cm ⑤バルカンジム ⑥【メジャー戦績無し】⑦ファントム⑧1回目 ⑨現ファントムライト級王者 🆚 ①アイス・トロン  ②［ミスターエンペラー］ ③44歳 ④173cm ⑤パーフェクトジム ⑥【42勝12敗】⑦エンペラー ⑧6回目 ⑨元エンペラーライト級,2026-05-28T20:11:44
note-nf1567c13c0cc.html,https://note.com/xyz1090/n/nf1567c13c0cc,マウンテン・ヒーローズNo.27｜アラカク通信のーと,M・H No.27対戦カード  ☆ミドル級ワンマッチ（ノンタイトル） テール・ジャンク 30歳 186cm Sジム 【20勝2敗】 🆚 ライン・デュオ 27歳 188cm クードースポーツ 【メジャー初参戦】   ☆ミドル級ワンマッチ ギタミン・アーロン 35歳 185cm VKデリンジャー 【11勝3敗】 🆚 ゼット 31歳 188cm RFチームクリスタル 【8勝3敗】   ☆ミドル級ワンマッチ トルー・パルドレス 24歳 190cm マジシャンズC 【4勝1敗】 🆚 クロノ・マリー,2026-05-28T20:11:44
note-nf311a5b3c239.html,https://note.com/xyz1090/n/nf311a5b3c239,エンペラーNo.115対戦カード｜アラカク通信のーと,エンペラーNo.115対戦カード  ☆エンペラーライト級タイトルマッチ 🟥マルコ・フレイザー【王者】 31歳170cm ユーリンジム 【6勝1敗】防衛① ・10代目エンペラーライト級王者 🆚 🟦ブルーワン 27歳 178cm エキサイトクラス 【15勝5敗】 ・7代目エンペラーライト級王者 ・第6回MAXバウトライト級GP準優勝  ☆ライト級ワンマッチ 🟥コルト・アプロー ③38歳 175cm マジシャンズ 【18勝12敗】 🆚 🟦パット・バミューダ 34歳 173cm バルカンジム 【1勝1敗】  ☆ライト級ワンマッチ 🟥 さくらい 36歳 1,2026-05-28T20:11:44
note-nf5c664e46dfb.html,https://note.com/xyz1090/n/nf5c664e46dfb,第5回MAXバウトミドル級トーナメント決勝　結果｜アラカク通信のーと,第5回MAXバウトミドル級トーナメント ☆決勝戦 ●ミサ・ウィル・ジョー🆚○テール・ジャンク （1R3分47秒KO スタンドパンチ連打→膝蹴り）  第5回MAXバウトミドル級トーナメント優勝 🏆テール・ジャンク🏆 【25勝2敗】 第2回、3回、5回MAXバウトミドル級トーナメント優勝 現M・Hミドル級王者,2026-05-28T20:11:44
note-nf8bb05b44038.html,https://note.com/xyz1090/n/nf8bb05b44038,ターゲットNo.96対戦カード｜アラカク通信のーと,ターゲットNo.96  ☆ミドル級王座決定戦 🟥おとさわ 33歳 183cm ゴッサブジャパン 【21勝14敗】 🆚 🟦かべい 28歳 188cm チームジャパン　 【10勝4敗】  ☆ライト級ワンマッチ 🟥フラーム・グラン 36歳 175cm チームドータ 【17勝10敗】 元ターゲットライト級王者 🆚 🟦きたむら 29歳170cm vkデリンジャー 【17勝5敗】  ☆ライト級ワンマッチ 🟥だいな 23歳 177cm ターゲットPJ 【2勝2敗】 🆚 🟦つおし 33歳170cmチームドタバタ 【1勝1敗】,2026-05-28T20:11:44
note-nf98ad24ec6fb.html,https://note.com/xyz1090/n/nf98ad24ec6fb,マウンテン・ヒーローズNo.37｜アラカク通信のーと,マウンテン・ヒーローズNo.37  ☆ミドル級ワンマッチ 🟥らんちゃーすがや 30歳 185cm コミックファイト倶楽部 【6勝2敗】 🆚 🟦ライン・デュオ 31歳 188cm クードースポーツ 【1勝2敗】  ☆ミドル級ワンマッチ 🟥クロノ・マリーケン 31歳 183cm チームパウルソン 【9勝8敗】 🆚 🟦オーシューワイルド 27歳 184cm  チームオーシュー 【1勝0敗】  ☆ミドル級ワンマッチ 🟥トワックデビル 27歳 192cm デビル軍 【1勝2敗】 🆚 🟦ラドフ 31歳 183cm チームカーリン 【1勝0敗】  ☆ライト級ワンマッチ 🟥ヤック・タイアット,2026-05-28T20:11:44
note-nfe8738dd4847.html,https://note.com/xyz1090/n/nfe8738dd4847,第５回MAXバウトミドル級トーナメント【準決勝】｜アラカク通信のーと,🔥第５回MAXバウトミドル級トーナメント4🔥  🚨①名前②キャッチコピー ③年齢④身長⑤所属ジム ⑥メジャー戦績⑦主戦団体⑧白グローブ出場回数 ⑨タイトル⑩戦いたい相手   ☆準決勝Ａブロック   🟥①ミサ・ウィル・ジョー ②ラスボス ③年齢36歳④身長185cm⑤所属ミサイル・ジョー ⑥メジャー戦績【12勝1敗】⑦主戦団体エンペラー⑧MAXバウト2回目 ⑨元キングプロレスヘビー級王者 　現エンペラーミドル級王者 　第4回MAXバウトミドル級トーナメント優勝 ⑩ブレード・アロー 🆚 🟦 ①さかえだ ②日本ミドル級ストライキングのエース ③ 32歳 ④180cm&nb,2026-05-28T20:11:44
note-nff26f83e58f5.html,https://note.com/xyz1090/n/nff26f83e58f5,マウンテン・ヒーローズNo.39試合結果｜アラカク通信のーと,マウンテン・ヒーローズNo.39  ☆ミドル級ワンマッチ ●クロノ・マリーケン【9勝10敗】 🆚 ○ライン・デュオ【2勝3敗】 （1R1分02秒KO   左ストレート→パウンド）  ☆ミドル級ワンマッチ ●トルー・パルドレス【4勝6敗】 🆚 ○ヘル・ラッサー【1勝3敗】 （3R4分28秒KO   左フック→パウンド）  ☆ミドル級ワンマッチ ●ぱいそんはやし【1勝1敗】 🆚 ○ジャニマード・トスパチ【1勝0敗】 （2R1分05秒KO   左フック→パウンド）,2026-05-28T20:11:44
note-target-103-card.html,https://note.com/xyz1090/n/n9782736d400d,ターゲットNo.103対戦カード｜アラカク通信のーと,ターゲットNo.103対戦カード  ☆ライト級タイトルマッチ 🟥わく（王者） 28歳177cm日本MMAチーム 【11勝3敗】 現ターゲットライト級王者 🆚 🟦つくりはら（挑戦者） 26歳  174cm  バトン柔術 【7勝2敗】  ☆ミドル級ワンマッチ 🟥おとさわ 35歳183cmゴッサブジャパン 【23勝16敗】 🆚 🟦オーロラデビル 24歳 188cm デビル軍 【2勝0敗】  ☆ミドル級ワンマッチ 🟥かべい 30歳 188cm チームジャパン　 【13勝5敗】  🆚 🟦フランク・ダクタ 31歳 191cm ビートダウン 【メジャーデビュー戦】  ☆ミドル級ワ,2026-05-28T20:11:44
note-target-103-result.html,https://note.com/xyz1090/n/n8b5fb1f69636,ターゲットNo.103試合結果｜アラカク通信のーと,ターゲットNo.103試合結果  ☆ライト級タイトルマッチ ○わく【12勝3敗】 🆚 ●つくりはら【7勝3敗】 （2R2分16秒KO  カウンターフック） わくがタイトル防衛成功（防衛3度目）  ☆ミドル級ワンマッチ ●おとさわ【23勝17敗】 🆚 ○オーロラデビル【3勝0敗】 （3R2分32秒　アナコンダチョーク）  ☆ミドル級ワンマッチ ●きんとき【8勝11敗】 🆚 ○ザモン【3勝2敗】 （1R3分06秒KO  マウントパンチ連打）  ☆ミドル級ワンマッチ ○かべい【14勝5敗】  🆚 ●フランク・ダクタ【0勝1敗】 （2R3分09秒KO  パウンド）,2026-05-28T20:11:44
note-target.html,https://note.com/xyz1090/n/n958613cec8a5,ターゲット｜アラカク通信のーと,ターゲットとはスーパー運動が活動休止となり、その関係者が新しく立ち上げた日本の団体。   メジャー3団体の一つ！  ☆現在のルール ・リング ・1R5分3R制 ・トータルマスト ・青いオープンフィンガーグローブ ・4点ポジションでの頭部への蹴り、踏みつけ、サッカーボールキック有り ・肘打ち無し    ☆歴代王者 ライト級王者（72kg） 初代王者　ビューマー ２代目　むらき ３代目　しんたく ４代目　ハリス・オルビック ５代目　くにさだ ６代目　むらき ７代目　せみおか ８代目　フラーム・グラン   9代目　わく  第1回ライト級トーナメント優勝 【ビュー,2026-05-28T20:11:44
note-xyz1090.html,https://note.com/xyz1090,アラカク通信のーと｜note,"ケイダッシュステージ所属クロコップ荒木好之
アラカク通信
",2026-05-28T20:11:44
