video_id,platform,platform_video_id,url,title,original_title,channel_name,published_at,official_status,video_type,link_status,duplicate_group_id,duplicate_note,notes,source_article_ids
youtube_qecknlomyoy,youtube,QEcKNlomyoY,https://www.youtube.com/watch?v=QEcKNlomyoY,アラカク試合配信23　アラカクを世に放て,アラカク試合配信23　アラカクを世に放て,アラカク通信,,official,stream_archive,partially_linked,,,ターゲットNo.103カードを含む可能性。わく vs つくりはらの個別Full Fightは未確認。,"note-target-103-card,note-target-103-result"
youtube_p5x_vjofkfi,youtube,p5X_VjOfKFI,https://www.youtube.com/watch?v=p5X_VjOfKFI,【ぱいそんはやしvsジャニマード・トスパチ】ライブパブリックビューイングver．マウンテン・ヒーローズNo.39ミドル級ワンマッチ,【ぱいそんはやしvsジャニマード・トスパチ】ライブパブリックビューイングver．マウンテン・ヒーローズNo.39ミドル級ワンマッチ,NA,,official,stream_archive,unlinked,,,yt-dlp channel export. duration=15:33,
youtube_ueabukuhj3w,youtube,uEABuKUhj3w,https://www.youtube.com/watch?v=uEABuKUhj3w,超アラカクライブ配信販売開始！！マウンテン・ヒーローズNo.40対戦カード！アラカク通信ピンチ！？【#5あらかくNEWS】,超アラカクライブ配信販売開始！！マウンテン・ヒーローズNo.40対戦カード！アラカク通信ピンチ！？【#5あらかくNEWS】,NA,,official,stream_archive,unlinked,,,yt-dlp channel export. duration=11:52,
youtube_e0upezomadq,youtube,E0upEZOmadQ,https://www.youtube.com/watch?v=E0upEZOmadQ,超アラカクライブのPPV試合決定！？エンペラーが変わる！！【あらかくNEWS】,超アラカクライブのPPV試合決定！？エンペラーが変わる！！【あらかくNEWS】,NA,,official,stream_archive,unlinked,,,yt-dlp channel export. duration=14:05,
youtube_ohqngvcrhtc,youtube,ohqNgVCrhtc,https://www.youtube.com/watch?v=ohqNgVCrhtc,アラカクライブNo.17【2026開幕戦】やります！,アラカクライブNo.17【2026開幕戦】やります！,NA,,official,stream_archive,unlinked,,,yt-dlp channel export. duration=1:30,
youtube_ieyi3n8wwqs,youtube,IeYi3n8WWQs,https://www.youtube.com/watch?v=IeYi3n8WWQs,7月25日（木）20時30分からアラカク試合観戦配信9 （＊概要欄チェック！！）【M・H No.34&ターゲットNo.98の見どころ動画】,7月25日（木）20時30分からアラカク試合観戦配信9 （＊概要欄チェック！！）【M・H No.34&ターゲットNo.98の見どころ動画】,NA,,official,stream_archive,unlinked,,,yt-dlp channel export. duration=19:39,
youtube_jkv1qeefahe,youtube,jkv1qEEfaHE,https://www.youtube.com/watch?v=jkv1qEEfaHE,6月27日（木）20時から試合観戦配信！概要欄見て！！【ターゲットNo.97 エンペラーNo.117の見どころ動画】,6月27日（木）20時から試合観戦配信！概要欄見て！！【ターゲットNo.97 エンペラーNo.117の見どころ動画】,NA,,official,stream_archive,unlinked,,,yt-dlp channel export. duration=20:02,
youtube_bv7s9abfq2i,youtube,bv7S9ABfQ2I,https://www.youtube.com/watch?v=bv7S9ABfQ2I,5月22日に試合観戦配信！5月25日にアラカクライブ！！【試合見どころ動画※概要欄絶対見た方がいい】,5月22日に試合観戦配信！5月25日にアラカクライブ！！【試合見どころ動画※概要欄絶対見た方がいい】,NA,,official,stream_archive,unlinked,,,yt-dlp channel export. duration=21:35,
youtube_yk6ixho8gdm,youtube,Yk6iXhO8GdM,https://www.youtube.com/watch?v=Yk6iXhO8GdM,2月29日21時から試合観戦配信！！！マウンテン・ヒーローズNo.31見どころ&告知【概要欄見て】,2月29日21時から試合観戦配信！！！マウンテン・ヒーローズNo.31見どころ&告知【概要欄見て】,NA,,official,stream_archive,unlinked,,,yt-dlp channel export. duration=14:48,
youtube_jzq4plvaipq,youtube,jzQ4plVAIpQ,https://www.youtube.com/watch?v=jzQ4plVAIpQ,2025年5月22日21時ごろ試合観戦配信【マウンテン・ヒーローズNo.36対戦カード】,2025年5月22日21時ごろ試合観戦配信【マウンテン・ヒーローズNo.36対戦カード】,NA,,official,stream_archive,unlinked,,,yt-dlp channel export. duration=8:10,
youtube_ww0wyhqq9_u,youtube,ww0WYHqQ9_U,https://www.youtube.com/watch?v=ww0WYHqQ9_U,2025.7.24 21時からエンペラーNo.118試合観戦配信！【対戦カードの見どころなどを語る！】＊概要欄もチェック！,2025.7.24 21時からエンペラーNo.118試合観戦配信！【対戦カードの見どころなどを語る！】＊概要欄もチェック！,NA,,official,stream_archive,unlinked,,,yt-dlp channel export. duration=13:24,
youtube_pqgj9gaeo6g,youtube,pqGJ9GaEo6g,https://www.youtube.com/watch?v=pqGJ9GaEo6g,2025.6.26 20時からターゲットNo.100試合観戦配信！【対戦カードの見どころなどを語る！】＊概要欄もチェック！,2025.6.26 20時からターゲットNo.100試合観戦配信！【対戦カードの見どころなどを語る！】＊概要欄もチェック！,NA,,official,stream_archive,unlinked,,,yt-dlp channel export. duration=15:04,
youtube_sx7tf60v6xu,youtube,sX7tF60V6XU,https://www.youtube.com/watch?v=sX7tF60V6XU,2025.6.16 21時から試合観戦配信！【対戦カードの見どころなどを語る！】＊概要欄もチェック！,2025.6.16 21時から試合観戦配信！【対戦カードの見どころなどを語る！】＊概要欄もチェック！,NA,,official,stream_archive,unlinked,,,yt-dlp channel export. duration=13:01,
youtube_hkdl5wkk1_a,youtube,HkdL5wKk1_A,https://www.youtube.com/watch?v=HkdL5wKk1_A,11月28日（木）20時からこのチャンネルでアラカク試合観戦配信11の予定です！！【マウンテン・ヒーローズNo.35&ターゲットNo.99見どころ動画】,11月28日（木）20時からこのチャンネルでアラカク試合観戦配信11の予定です！！【マウンテン・ヒーローズNo.35&ターゲットNo.99見どころ動画】,NA,,official,stream_archive,unlinked,,,yt-dlp channel export. duration=14:51,
youtube_s3nteou2hx8,youtube,s3nteOu2hx8,https://www.youtube.com/watch?v=s3nteOu2hx8,２０２４アラカクベストバウトランキング！！,２０２４アラカクベストバウトランキング！！,NA,,official,reference,unlinked,,,yt-dlp channel export. duration=16:51,
youtube_qh7lihmzubc,youtube,qH7lIhmzUbc,https://www.youtube.com/watch?v=qH7lIhmzUbc,第7回MAXバウトライト級GP［Bブロック第四試合］さんごくvsダブド・ガブリシャンの見どころ動画【概要欄絶対に見て】,第7回MAXバウトライト級GP［Bブロック第四試合］さんごくvsダブド・ガブリシャンの見どころ動画【概要欄絶対に見て】,NA,,official,reference,unlinked,,,yt-dlp channel export. duration=6:39,
youtube_krrg8fyx6gq,youtube,krrG8FYX6gQ,https://www.youtube.com/watch?v=krrG8FYX6gQ,第7回MAXバウトライト級GP［Bブロック第三試合］わくvsローリングジュニアの見どころ動画【概要欄絶対に見て】,第7回MAXバウトライト級GP［Bブロック第三試合］わくvsローリングジュニアの見どころ動画【概要欄絶対に見て】,NA,,official,reference,unlinked,,,yt-dlp channel export. duration=6:15,
youtube_siu9zufuwuq,youtube,sIU9ZufuwuQ,https://www.youtube.com/watch?v=sIU9ZufuwuQ,第7回MAXバウトライト級GP［Bブロック第一試合］イスカン・アステvsきたむらの見どころ動画【概要欄絶対に見て】,第7回MAXバウトライト級GP［Bブロック第一試合］イスカン・アステvsきたむらの見どころ動画【概要欄絶対に見て】,NA,,official,reference,unlinked,,,yt-dlp channel export. duration=6:23,
youtube_ose37zk9f4i,youtube,oSe37zK9f4I,https://www.youtube.com/watch?v=oSe37zK9f4I,第7回MAXバウトライト級GP［Bブロック第ニ試合］マルコ・フレイザーvsワインセルの見どころ動画【概要欄絶対に見て】,第7回MAXバウトライト級GP［Bブロック第ニ試合］マルコ・フレイザーvsワインセルの見どころ動画【概要欄絶対に見て】,NA,,official,reference,unlinked,,,yt-dlp channel export. duration=5:07,
youtube_89izoyicptw,youtube,89IzOYIcptw,https://www.youtube.com/watch?v=89IzOYIcptw,第7回MAXバウトライト級GP 出場者１６名発表！,第7回MAXバウトライト級GP 出場者１６名発表！,NA,,official,reference,unlinked,,,yt-dlp channel export. duration=4:43,
youtube_poxcdgnhpgk,youtube,pOxcDgnhPgk,https://www.youtube.com/watch?v=pOxcDgnhPgk,第5回MAXバウトミドル級トーナメント出場者（詳しい選手情報は動画概要欄で）,第5回MAXバウトミドル級トーナメント出場者（詳しい選手情報は動画概要欄で）,NA,,official,reference,unlinked,,,yt-dlp channel export. duration=5:00,
youtube_prn6degpxui,youtube,prn6DEGPxUI,https://www.youtube.com/watch?v=prn6DEGPxUI,第5回MAXバウトミドル級トーナメント二回戦について【いよいよ】,第5回MAXバウトミドル級トーナメント二回戦について【いよいよ】,NA,,official,reference,unlinked,,,yt-dlp channel export. duration=2:26,
youtube_d7no_mmi6aq,youtube,d7No-MMI6aQ,https://www.youtube.com/watch?v=d7No-MMI6aQ,感謝！！【感想やお知らせとかも】,感謝！！【感想やお知らせとかも】,NA,,official,reference,unlinked,,,yt-dlp channel export. duration=9:17,
youtube_rp8bayj7s6k,youtube,Rp8BaYj7S6k,https://www.youtube.com/watch?v=Rp8BaYj7S6k,感謝と告知！！！,感謝と告知！！！,NA,,official,reference,unlinked,,,yt-dlp channel export. duration=7:44,
youtube_sbc41eyw5q8,youtube,sBc41eyw5Q8,https://www.youtube.com/watch?v=sBc41eyw5Q8,感謝,感謝,NA,,official,reference,unlinked,,,yt-dlp channel export. duration=14:48,
youtube_gehfaqj8kr8,youtube,GeHFAqj8Kr8,https://www.youtube.com/watch?v=GeHFAqj8Kr8,マウンテン・ヒーローズNo.32見どころ解説！！【概要欄重要】,マウンテン・ヒーローズNo.32見どころ解説！！【概要欄重要】,NA,,official,reference,unlinked,,,yt-dlp channel export. duration=15:18,
youtube_jzzlbf7zqqu,youtube,JzzLBF7ZqQU,https://www.youtube.com/watch?v=JzzLBF7ZqQU,マウンテン・ヒーローズNo.30の見どころ！！【概要欄を見ながらどうぞ】,マウンテン・ヒーローズNo.30の見どころ！！【概要欄を見ながらどうぞ】,NA,,official,reference,unlinked,,,yt-dlp channel export. duration=14:04,
youtube_jijmeqchrw4,youtube,JIjmEqcHrw4,https://www.youtube.com/watch?v=JIjmEqcHrw4,マウンテン・ヒーローズNo.29の見どころ！！【絶対概要欄見てね】,マウンテン・ヒーローズNo.29の見どころ！！【絶対概要欄見てね】,NA,,official,reference,unlinked,,,yt-dlp channel export. duration=15:42,
youtube_gmcs_m19ofq,youtube,gmcs-M19OFQ,https://www.youtube.com/watch?v=gmcs-M19OFQ,マウンテン・ヒーローズNo.28&ターゲットNo.91&エンペラーNo.112合同大会の見どころなど！！【試合動画は23日（日）のお昼頃に】,マウンテン・ヒーローズNo.28&ターゲットNo.91&エンペラーNo.112合同大会の見どころなど！！【試合動画は23日（日）のお昼頃に】,NA,,official,reference,unlinked,,,yt-dlp channel export. duration=14:08,
youtube_r6jsisqetvg,youtube,r6JSisqeTVg,https://www.youtube.com/watch?v=r6JSisqeTVg,ターゲットNo.95の見どころ解説！！【概要欄重要】,ターゲットNo.95の見どころ解説！！【概要欄重要】,NA,,official,reference,unlinked,,,yt-dlp channel export. duration=18:53,
youtube_rf00mmmm8m0,youtube,rf00mMmM8M0,https://www.youtube.com/watch?v=rf00mMmM8M0,ターゲットNo.93の見どころ！！【概要欄を見ながらどうぞ】（＊B1は国内マイナー団体です）,ターゲットNo.93の見どころ！！【概要欄を見ながらどうぞ】（＊B1は国内マイナー団体です）,NA,,official,reference,unlinked,,,yt-dlp channel export. duration=15:04,
youtube_r8kxhrjjwgi,youtube,R8KxHrJjWgI,https://www.youtube.com/watch?v=R8KxHrJjWgI,ターゲットNo.92の見どころ！！【概要欄を絶対見て】,ターゲットNo.92の見どころ！！【概要欄を絶対見て】,NA,,official,reference,unlinked,,,yt-dlp channel export. duration=14:13,
youtube_ygdml5_nuhe,youtube,YGdML5_nUHE,https://www.youtube.com/watch?v=YGdML5_nUHE,ターゲットNo.92&エンペラーNo.113の全KO一本集【全試合FINISH記念】,ターゲットNo.92&エンペラーNo.113の全KO一本集【全試合FINISH記念】,NA,,official,reference,unlinked,,,yt-dlp channel export. duration=9:49,
youtube_tv_q8xyq_x8,youtube,TV-q8XYq_x8,https://www.youtube.com/watch?v=TV-q8XYq_x8,コルト・アプローのメジャー全試合を振り返ってみた！！！,コルト・アプローのメジャー全試合を振り返ってみた！！！,NA,,official,reference,unlinked,,,yt-dlp channel export. duration=28:18,
youtube_wmx6ol3da_q,youtube,wmX6Ol3da-Q,https://www.youtube.com/watch?v=wmX6Ol3da-Q,エンペラーNo.113の見どころ！！【概要欄見てね】,エンペラーNo.113の見どころ！！【概要欄見てね】,NA,,official,reference,unlinked,,,yt-dlp channel export. duration=14:56,
youtube_bzjeda8zhbm,youtube,bzjeDA8zHBM,https://www.youtube.com/watch?v=bzjeDA8zHBM,エンペラーNo.110の見どころ,エンペラーNo.110の見どころ,NA,,official,reference,unlinked,,,yt-dlp channel export. duration=18:30,
youtube_cpov8qao8tg,youtube,cpov8qAO8Tg,https://www.youtube.com/watch?v=cpov8qAO8Tg,アラカク試合だけライブNo.4（アラカク説明なし）【概要欄必ず】,アラカク試合だけライブNo.4（アラカク説明なし）【概要欄必ず】,NA,,official,reference,unlinked,,,yt-dlp channel export. duration=1:39:56,
youtube_wmvedcpqe2e,youtube,WmVEdcpQe2E,https://www.youtube.com/watch?v=WmVEdcpQe2E,アラカク試合だけのライブNo.2【第7回MAXバウトライト級GP二回戦】2025.1.31,アラカク試合だけのライブNo.2【第7回MAXバウトライト級GP二回戦】2025.1.31,NA,,official,reference,unlinked,,,yt-dlp channel export. duration=1:35:22,
youtube_v5ytgqdm11a,youtube,v5yTGqDM11A,https://www.youtube.com/watch?v=v5yTGqDM11A,アラカク試合だけのライブNo.1 【第7回MAXバウトライト級GP一回戦】2024.9.27,アラカク試合だけのライブNo.1 【第7回MAXバウトライト級GP一回戦】2024.9.27,NA,,official,reference,unlinked,,,yt-dlp channel export. duration=1:31:15,
youtube_hcmmd8meiso,youtube,hCMMD8MEiso,https://www.youtube.com/watch?v=hCMMD8MEiso,アラカク知らない人にアラカクのこと話してみた【後編】,アラカク知らない人にアラカクのこと話してみた【後編】,NA,,official,reference,unlinked,,,yt-dlp channel export. duration=31:02,
youtube_molvoperoh4,youtube,molvOpEROH4,https://www.youtube.com/watch?v=molvOpEROH4,アラカク知らない人にアラカクのこと話してみた【前編】,アラカク知らない人にアラカクのこと話してみた【前編】,NA,,official,reference,unlinked,,,yt-dlp channel export. duration=39:59,
youtube_lfwrwukzcyw,youtube,LFwrWUKZCYw,https://www.youtube.com/watch?v=LFwrWUKZCYw,アラカク知ってる人にアラカクのこと話してみた【その③】,アラカク知ってる人にアラカクのこと話してみた【その③】,NA,,official,reference,unlinked,,,yt-dlp channel export. duration=12:19,
youtube_yfdkwnavrms,youtube,YfdkwNaVRMs,https://www.youtube.com/watch?v=YfdkwNaVRMs,アラカク知ってる人にアラカクのこと話してみた【その②】,アラカク知ってる人にアラカクのこと話してみた【その②】,NA,,official,reference,unlinked,,,yt-dlp channel export. duration=20:30,
youtube_wvn2b1o8sga,youtube,WvN2b1O8SGA,https://www.youtube.com/watch?v=WvN2b1O8SGA,アラカク知ってる人にアラカクのこと話してみた【その①】,アラカク知ってる人にアラカクのこと話してみた【その①】,NA,,official,reference,unlinked,,,yt-dlp channel export. duration=32:30,
youtube_i2vlpwmdrfc,youtube,I2VLPWMdRFc,https://www.youtube.com/watch?v=I2VLPWMdRFc,アラカク抜き打ちテスト【後編】,アラカク抜き打ちテスト【後編】,NA,,official,reference,unlinked,,,yt-dlp channel export. duration=23:21,
youtube_6dzr7xpetlw,youtube,6DZR7XpetLw,https://www.youtube.com/watch?v=6DZR7XpetLw,アラカク抜き打ちテスト【前編】,アラカク抜き打ちテスト【前編】,NA,,official,reference,unlinked,,,yt-dlp channel export. duration=12:35,
youtube_saeric9vhmi,youtube,SaeRIC9vHMI,https://www.youtube.com/watch?v=SaeRIC9vHMI,アラカクラジオ【粗塩】Vol.２　アラカクライブの告知とメジャー合同大会の話,アラカクラジオ【粗塩】Vol.２　アラカクライブの告知とメジャー合同大会の話,NA,,official,reference,unlinked,,,yt-dlp channel export. duration=11:00,
youtube_ybuh3hm_hla,youtube,YbuH3Hm-HLA,https://www.youtube.com/watch?v=YbuH3Hm-HLA,アラカクラジオ【粗塩】Vol.１,アラカクラジオ【粗塩】Vol.１,NA,,official,reference,unlinked,,,yt-dlp channel export. duration=27:54,
youtube_e9jzz_cm63g,youtube,e9jZZ-Cm63g,https://www.youtube.com/watch?v=e9jZZ-Cm63g,アラカクラジオ【粗塩】Vol.3 第5回MAXバウトミドル級トーナメントベスト8の選手たちの話とか（外で撮ってて聴きにくいです）,アラカクラジオ【粗塩】Vol.3 第5回MAXバウトミドル級トーナメントベスト8の選手たちの話とか（外で撮ってて聴きにくいです）,NA,,official,reference,unlinked,,,yt-dlp channel export. duration=23:32,
youtube_1qlpvbzpx4,youtube,-1QlPvbzpX4,https://www.youtube.com/watch?v=-1QlPvbzpX4,アラカクライブ熱すぎるぜ！！,アラカクライブ熱すぎるぜ！！,NA,,official,reference,unlinked,,,yt-dlp channel export. duration=1:06,
youtube_e5o8_bbfbq,youtube,_E5o8_BBFbQ,https://www.youtube.com/watch?v=_E5o8_BBFbQ,アラカクは架空を超える！！【アラカクライブほぼFull】（概要欄も是非）,アラカクは架空を超える！！【アラカクライブほぼFull】（概要欄も是非）,NA,,official,reference,unlinked,,,yt-dlp channel export. duration=1:46:25,
youtube_xtlglo3vob4,youtube,xTLGlO3vOB4,https://www.youtube.com/watch?v=xTLGlO3vOB4,まによんpresentsアラカクライブNo.17［2026開幕戦］【概要欄見て】,まによんpresentsアラカクライブNo.17［2026開幕戦］【概要欄見て】,NA,,official,reference,unlinked,,,yt-dlp channel export. duration=1:48:04,
youtube_oftn9vz7u2c,youtube,OFTN9VZ7U2c,https://www.youtube.com/watch?v=OFTN9VZ7U2c,まによんpresentsアラカクライブNo.16［秋の陣］【概要欄見て】,まによんpresentsアラカクライブNo.16［秋の陣］【概要欄見て】,NA,,official,reference,unlinked,,,yt-dlp channel export. duration=1:50:38,
youtube_yjwpan_r_c,youtube,YJwpaN--r-c,https://www.youtube.com/watch?v=YJwpaN--r-c,まによんpresents!!アラカクライブ-秋の陣-,まによんpresents!!アラカクライブ-秋の陣-,NA,,official,reference,unlinked,,,yt-dlp channel export. duration=1:49:17,
youtube_8hb2ekqhmlw,youtube,8Hb2EkQhMlw,https://www.youtube.com/watch?v=8Hb2EkQhMlw,まによんpresents アラカクライブ【開幕戦】,まによんpresents アラカクライブ【開幕戦】,NA,,official,reference,unlinked,,,yt-dlp channel export. duration=1:57:25,
youtube_yn9h0c5mdhm,youtube,yN9h0C5MDHM,https://www.youtube.com/watch?v=yN9h0C5MDHM,まによんpresents アラカクライブNo.14【第７回MAXバウトライト級GPベスト8抽選会】,まによんpresents アラカクライブNo.14【第７回MAXバウトライト級GPベスト8抽選会】,NA,,official,reference,unlinked,,,yt-dlp channel export. duration=1:56:15,
youtube_q950wpczume,youtube,Q950wPcZuME,https://www.youtube.com/watch?v=Q950wPcZuME,まによんpresents アラカクライブNo.13【第７回MAXバウトライト級GP抽選会】,まによんpresents アラカクライブNo.13【第７回MAXバウトライト級GP抽選会】,NA,,official,reference,unlinked,,,yt-dlp channel export. duration=2:03:32,
youtube_fzjjfk0lzqw,youtube,FZjjFK0lzQw,https://www.youtube.com/watch?v=FZjjFK0lzQw,まによんpresents アラカクライブNo.12【Born】,まによんpresents アラカクライブNo.12【Born】,NA,,official,reference,unlinked,,,yt-dlp channel export. duration=1:48:34,
youtube_ge7twvxd9yu,youtube,gE7TwvXD9yU,https://www.youtube.com/watch?v=gE7TwvXD9yU,【見どころ動画】第7回MAXバウトライト級GP二回戦［Bブロック第二試合］ダブド・ガブリシャンvsローリングジュニア【概要欄見て】,【見どころ動画】第7回MAXバウトライト級GP二回戦［Bブロック第二試合］ダブド・ガブリシャンvsローリングジュニア【概要欄見て】,NA,,official,reference,unlinked,,,yt-dlp channel export. duration=7:09,
youtube_2cpxeyxdlp8,youtube,2CpXEYXDlP8,https://www.youtube.com/watch?v=2CpXEYXDlP8,【見どころ動画】第7回MAXバウトライト級GP二回戦［Bブロック第一試合］コルト・アプローvsブルーワン【概要欄見て】,【見どころ動画】第7回MAXバウトライト級GP二回戦［Bブロック第一試合］コルト・アプローvsブルーワン【概要欄見て】,NA,,official,reference,unlinked,,,yt-dlp channel export. duration=7:24,
youtube_3iszag1c2f0,youtube,3iSZAG1C2f0,https://www.youtube.com/watch?v=3iSZAG1C2f0,【見どころ動画】第7回MAXバウトライト級GP二回戦［Aブロック第二試合］イスカン・アステvsマルコ・フレイザー【概要欄見て】,【見どころ動画】第7回MAXバウトライト級GP二回戦［Aブロック第二試合］イスカン・アステvsマルコ・フレイザー【概要欄見て】,NA,,official,reference,unlinked,,,yt-dlp channel export. duration=7:01,
youtube_uqc4ki4qmai,youtube,UqC4KI4QmaI,https://www.youtube.com/watch?v=UqC4KI4QmaI,【見どころ動画】第7回MAXバウトライト級GP二回戦［Aブロック第一試合］つくりはらvsランダーデビル【概要欄見て】,【見どころ動画】第7回MAXバウトライト級GP二回戦［Aブロック第一試合］つくりはらvsランダーデビル【概要欄見て】,NA,,official,reference,unlinked,,,yt-dlp channel export. duration=5:55,
youtube_cfwfi7poyto,youtube,cfWfI7Poyto,https://www.youtube.com/watch?v=cfWfI7Poyto,【緊急動画③】メジャー団体の話（概要欄に詳しく載せてます）,【緊急動画③】メジャー団体の話（概要欄に詳しく載せてます）,NA,,official,reference,unlinked,,,yt-dlp channel export. duration=7:42,
youtube_brntqnevkws,youtube,BRntqNevkws,https://www.youtube.com/watch?v=BRntqNevkws,【緊急動画②】アラカクの試合の見方（概要欄を是非 試合動画悪いです）,【緊急動画②】アラカクの試合の見方（概要欄を是非  試合動画悪いです）,NA,,official,reference,unlinked,,,yt-dlp channel export. duration=9:23,
youtube_u6b6drse9d0,youtube,U6b6DrSe9d0,https://www.youtube.com/watch?v=U6b6DrSe9d0,【緊急動画①】アラカクの説明の仕方（概要欄を是非）,【緊急動画①】アラカクの説明の仕方（概要欄を是非）,NA,,official,reference,unlinked,,,yt-dlp channel export. duration=10:18,
youtube_brsv2jpffak,youtube,bRsV2jPffak,https://www.youtube.com/watch?v=bRsV2jPffak,【概要欄見て】まによんpresentsアラカクライブNo.15［第７回MAXバウトライト級GP FINAL］,【概要欄見て】まによんpresentsアラカクライブNo.15［第７回MAXバウトライト級GP FINAL］,NA,,official,reference,unlinked,,,yt-dlp channel export. duration=1:59:27,
youtube_4tzgvgx7cg8,youtube,4TzgvgX7cG8,https://www.youtube.com/watch?v=4TzgvgX7cG8,【概要欄見て】MAXバウトスペシャルワンマッチ大会見どころ動画！ミサ・ウィル・ジョーvsルージュド・スターリー,【概要欄見て】MAXバウトスペシャルワンマッチ大会見どころ動画！ミサ・ウィル・ジョーvsルージュド・スターリー,NA,,official,reference,unlinked,,,yt-dlp channel export. duration=7:47,
youtube_lzu1p7ujdos,youtube,lZu1p7UJdos,https://www.youtube.com/watch?v=lZu1p7UJdos,【概要欄見て】MAXバウトスペシャルワンマッチ大会見どころ動画！テール・ジャンクvsタイプ・ジー,【概要欄見て】MAXバウトスペシャルワンマッチ大会見どころ動画！テール・ジャンクvsタイプ・ジー,NA,,official,reference,unlinked,,,yt-dlp channel export. duration=7:35,
youtube_cgzqssiwtgw,youtube,cGZQsSiwTGw,https://www.youtube.com/watch?v=cGZQsSiwTGw,【概要欄見て】MAXバウトスペシャルワンマッチ大会見どころ動画！ダイス・ヴォルケードvsライン・デュオ,【概要欄見て】MAXバウトスペシャルワンマッチ大会見どころ動画！ダイス・ヴォルケードvsライン・デュオ,NA,,official,reference,unlinked,,,yt-dlp channel export. duration=6:06,
youtube_7jwrin5qehm,youtube,7jWRin5QehM,https://www.youtube.com/watch?v=7jWRin5QehM,【概要欄見て】MAXバウトスペシャルワンマッチ大会見どころ動画！かべいvsさかえだ,【概要欄見て】MAXバウトスペシャルワンマッチ大会見どころ動画！かべいvsさかえだ,NA,,official,reference,unlinked,,,yt-dlp channel export. duration=6:45,
youtube_vbacvhixam4,youtube,VBACVHiXAm4,https://www.youtube.com/watch?v=VBACVHiXAm4,【概要欄見て】MAXバウトスペシャルワンマッチ大会見どころ動画！おとさわvsらんちゃーすがや,【概要欄見て】MAXバウトスペシャルワンマッチ大会見どころ動画！おとさわvsらんちゃーすがや,NA,,official,reference,unlinked,,,yt-dlp channel export. duration=7:06,
youtube_eddeflnklfy,youtube,eDdeFlNKlfY,https://www.youtube.com/watch?v=eDdeFlNKlfY,【概要欄絶対に見て】第7回MAXバウトライト級GP［Aブロック第四試合］コルト・アプローvsだいなの見どころ動画,【概要欄絶対に見て】第7回MAXバウトライト級GP［Aブロック第四試合］コルト・アプローvsだいなの見どころ動画,NA,,official,reference,unlinked,,,yt-dlp channel export. duration=6:56,
youtube_zoa9z26fng0,youtube,ZoA9Z26FNG0,https://www.youtube.com/watch?v=ZoA9Z26FNG0,【概要欄絶対に見て】第7回MAXバウトライト級GP［Aブロック第二試合］くわしおvsブルーワンの見どころ動画,【概要欄絶対に見て】第7回MAXバウトライト級GP［Aブロック第二試合］くわしおvsブルーワンの見どころ動画,NA,,official,reference,unlinked,,,yt-dlp channel export. duration=5:03,
youtube_pujzpgtph2w,youtube,pujZpgtpH2w,https://www.youtube.com/watch?v=pujZpgtpH2w,【概要欄絶対に見て】第7回MAXバウトライト級GP［Aブロック第三試合］つくりはらvsステシエン・チェットの見どころ動画,【概要欄絶対に見て】第7回MAXバウトライト級GP［Aブロック第三試合］つくりはらvsステシエン・チェットの見どころ動画,NA,,official,reference,unlinked,,,yt-dlp channel export. duration=4:51,
youtube_yliawvelzbm,youtube,YLiAwvelzBM,https://www.youtube.com/watch?v=YLiAwvelzBM,【概要欄絶対に見て】第7回MAXバウトライト級GP［Aブロック第一試合］ランダーデビルvsキマイラの見どころ動画,【概要欄絶対に見て】第7回MAXバウトライト級GP［Aブロック第一試合］ランダーデビルvsキマイラの見どころ動画,NA,,official,reference,unlinked,,,yt-dlp channel export. duration=7:52,
youtube_nethwrkgjga,youtube,nEthwrKGJgA,https://www.youtube.com/watch?v=nEthwrKGJgA,【概要欄を是非】まによんpresentsアラカク試合だけのライブNo.3［エリートスピリッツミドル級GP FINAL］（アラカク説明なしのライブ）,【概要欄を是非】まによんpresentsアラカク試合だけのライブNo.3［エリートスピリッツミドル級GP FINAL］（アラカク説明なしのライブ）,NA,,official,reference,unlinked,,,yt-dlp channel export. duration=1:31:11,
youtube_ih3zxm_t77c,youtube,iH3zxM-t77c,https://www.youtube.com/watch?v=iH3zxM-t77c,【概要欄めっちゃ見て】ターゲットNo.94の見どころ！！,【概要欄めっちゃ見て】ターゲットNo.94の見どころ！！,NA,,official,reference,unlinked,,,yt-dlp channel export. duration=12:29,
youtube_xq4q7wpe4_a,youtube,xq4Q7wPE4-A,https://www.youtube.com/watch?v=xq4Q7wPE4-A,【森本カメラ】試合観戦側映像③ 2025.7.26アラカク試合だけのライブNo.3,【森本カメラ】試合観戦側映像③ 2025.7.26アラカク試合だけのライブNo.3,NA,,official,reference,unlinked,,,yt-dlp channel export. duration=8:11,
youtube_vua63zqqncc,youtube,vUA63ZqQNCc,https://www.youtube.com/watch?v=vUA63ZqQNCc,【森本カメラ】試合観戦側映像② 2025.7.26アラカク試合だけのライブNo.3,【森本カメラ】試合観戦側映像② 2025.7.26アラカク試合だけのライブNo.3,NA,,official,reference,unlinked,,,yt-dlp channel export. duration=4:14,
youtube_kw4do4oupky,youtube,Kw4Do4ouPKY,https://www.youtube.com/watch?v=Kw4Do4ouPKY,【森本カメラ】試合観戦側映像① 2025.7.26アラカク試合だけのライブNo.3,【森本カメラ】試合観戦側映像① 2025.7.26アラカク試合だけのライブNo.3,NA,,official,reference,unlinked,,,yt-dlp channel export. duration=4:13,
youtube_dosndbafkiw,youtube,DOSNDbaFKiw,https://www.youtube.com/watch?v=DOSNDbaFKiw,【日程変更のお知らせ】第5回MAXバウトミドル級トーナメント一回戦,【日程変更のお知らせ】第5回MAXバウトミドル級トーナメント一回戦,NA,,official,reference,unlinked,,,yt-dlp channel export. duration=21,
youtube_igtaftdrqu,youtube,_IGtAFTDRqU,https://www.youtube.com/watch?v=_IGtAFTDRqU,【告知】7月26日（土）ライブ開催！概要欄見てね！！,【告知】7月26日（土）ライブ開催！概要欄見てね！！,NA,,official,reference,unlinked,,,yt-dlp channel export. duration=1:25,
youtube_zg0qp22iiac,youtube,ZG0qP22iIAc,https://www.youtube.com/watch?v=ZG0qP22iIAc,【告知】2026年4月22日（水）超アラカクライブ,【告知】2026年4月22日（水）超アラカクライブ,NA,,official,reference,unlinked,,,yt-dlp channel export. duration=41,
youtube_eaovcuisvg,youtube,_EaoVcuIsVg,https://www.youtube.com/watch?v=_EaoVcuIsVg,【⚠️概要欄チェック】9月30日（土）まによんpresentsアラカクライブ 秋の陣！！の注目カードを準決終わりに簡単に話してみた！！,【⚠️概要欄チェック】9月30日（土）まによんpresentsアラカクライブ 秋の陣！！の注目カードを準決終わりに簡単に話してみた！！,NA,,official,reference,unlinked,,,yt-dlp channel export. duration=15:36,
youtube_42ca9t_qk7y,youtube,42CA9T_Qk7Y,https://www.youtube.com/watch?v=42CA9T_Qk7Y,感謝！！！,感謝！！！,NA,,official,reference,unlinked,,,yt-dlp channel export. duration=13:24,
youtube_574ikyazfj4,youtube,574ikYAzfj4,https://www.youtube.com/watch?v=574ikYAzfj4,【マルコ・フレイザーvsダブド・ガブリシャン】MAXバウトライト級スペシャルワンマッチ【クロコップ荒木の実況付き】フルファイト！！,【マルコ・フレイザーvsダブド・ガブリシャン】MAXバウトライト級スペシャルワンマッチ【クロコップ荒木の実況付き】Full Fight！！,NA,,official,reference,unlinked,,,yt-dlp channel export. duration=19:57,
youtube_f1u0bfqhu9o,youtube,F1U0bFQhU9o,https://www.youtube.com/watch?v=F1U0bFQhU9o,【ランダーデビルvsわく】MAXバウトライト級スペシャルワンマッチ（クロコップ荒木の実況付き）フルファイト！！,【ランダーデビルvsわく】MAXバウトライト級スペシャルワンマッチ（クロコップ荒木の実況付き）Full Fight！！,NA,,official,reference,unlinked,,,yt-dlp channel export. duration=7:32,
youtube_ooihz_c01e0,youtube,OoIhz_c01E0,https://www.youtube.com/watch?v=OoIhz_c01E0,【きたむらvsさんごく】MAXバウトライト級スペシャルワンマッチ（クロコップ荒木の実況付き）フルファイト！！,【きたむらvsさんごく】MAXバウトライト級スペシャルワンマッチ（クロコップ荒木の実況付き）Full Fight！！,NA,,official,reference,unlinked,,,yt-dlp channel export. duration=15:00,
youtube_n9hp48kuqp4,youtube,N9hp48KuQP4,https://www.youtube.com/watch?v=N9hp48KuQP4,【煽りのみ】クロノ・マリーケンvsオーシューワイルド　マウンテン・ヒーローズNo.37 ミドル級ワンマッチ,【煽りのみ】クロノ・マリーケンvsオーシューワイルド　マウンテン・ヒーローズNo.37 ミドル級ワンマッチ,NA,,official,reference,unlinked,,,yt-dlp channel export. duration=2:37,
youtube_rdxzmcp2uli,youtube,RDxzmCP2uLI,https://www.youtube.com/watch?v=RDxzmCP2uLI,【祝ハイパーペロちゃん！！】9月25日（木）に試合観戦配信18【ターゲットNo.101見どころ動画】,【祝ハイパーペロちゃん！！】9月25日（木）に試合観戦配信18【ターゲットNo.101見どころ動画】,NA,,official,reference,unlinked,,,yt-dlp channel export. duration=19:04,
youtube_bacmlios1i8,youtube,BaCmLIos1I8,https://www.youtube.com/watch?v=BaCmLIos1I8,【コルト・アプローvsつくりはら】MAXバウトライト級スペシャルワンマッチ 【クロコップ荒木の実況付き】フルファイト！！,【コルト・アプローvsつくりはら】MAXバウトライト級スペシャルワンマッチ 【クロコップ荒木の実況付き】Full Fight！！,NA,,official,reference,unlinked,,,yt-dlp channel export. duration=8:46,
youtube_qtswvquloji,youtube,qtSWvQuLojI,https://www.youtube.com/watch?v=qtSWvQuLojI,【ブルーワンvsイスカン・アステ】MAXバウトライト級スペシャルワンマッチ （クロコップ荒木の実況付き）フルファイト！！,【ブルーワンvsイスカン・アステ】MAXバウトライト級スペシャルワンマッチ （クロコップ荒木の実況付き）Full Fight！！,NA,,official,reference,unlinked,,,yt-dlp channel export. duration=18:13,
youtube_gz3tbdqya44,youtube,GZ3TbdQYa44,https://www.youtube.com/watch?v=GZ3TbdQYa44,［音悪いです］見どころ動画！【マウンテン・ヒーローズNo.37】2025.8.28試合観戦配信！,［音悪いです］見どころ動画！【マウンテン・ヒーローズNo.37】2025.8.28試合観戦配信！,NA,,official,reference,unlinked,,,yt-dlp channel export. duration=14:11,
youtube_jma37rr9bq0,youtube,jMa37rr9Bq0,https://www.youtube.com/watch?v=jMa37rr9Bq0,愛媛県でアラカク語り（荒言）【#6あらかくNEWS】,愛媛県でアラカク語り（荒言）【#6あらかくNEWS】,NA,,official,reference,unlinked,,,yt-dlp channel export. duration=11:16,
youtube_jnyl9hozxwu,youtube,jNyl9HOzxwU,https://www.youtube.com/watch?v=jNyl9HOzxwU,アラカクの質問などは！？ターゲットNo.103の見どころ動画【#2あらかくNEWS】,アラカクの質問などは！？ターゲットNo.103の見どころ動画【#2あらかくNEWS】,NA,,official,reference,unlinked,,,yt-dlp channel export. duration=11:22,
youtube_ofy3tcobh3m,youtube,OFY3TCOBh3M,https://www.youtube.com/watch?v=OFY3TCOBh3M,場所のみ特別編！！おとさわvsオーロラデビルの見どころ！【#3あらかくNEWS】,場所のみ特別編！！おとさわvsオーロラデビルの見どころ！【#3あらかくNEWS】,NA,,official,reference,unlinked,,,yt-dlp channel export. duration=3:17,
youtube_ozelvcxxrdu,youtube,OzElVcxXRDU,https://www.youtube.com/watch?v=OzElVcxXRDU,超アラカクまで一週間切る！質問も答えたり！！【#4あらかくNEWS】,超アラカクまで一週間切る！質問も答えたり！！【#4あらかくNEWS】,NA,,official,reference,unlinked,,,yt-dlp channel export. duration=10:24,
youtube_x12ae8i8vai,youtube,X12Ae8i8VaI,https://www.youtube.com/watch?v=X12Ae8i8VaI,打ち合わせ後ファミリーとおしゃべり！ほぼ編集無し【アラカクNEWS番外編】,打ち合わせ後ファミリーとおしゃべり！ほぼ編集無し【アラカクNEWS番外編】,NA,,official,reference,unlinked,,,yt-dlp channel export. duration=34:48,
youtube_h_qlirn2rmg,youtube,h_Qlirn2Rmg,https://www.youtube.com/watch?v=h_Qlirn2Rmg,ARAKAKUのPVみたいなやつ,ARAKAKUのPVみたいなやつ,NA,,official,reference,unlinked,,,yt-dlp channel export. duration=2:15,
youtube_ydoljrr9udo,youtube,ydOLJRr9udo,https://www.youtube.com/watch?v=ydOLJRr9udo,3月29日（金）新宿でアラカクライブ！！【概要欄何回も見て】エンペラーNo.115の見どころ,3月29日（金）新宿でアラカクライブ！！【概要欄何回も見て】エンペラーNo.115の見どころ,NA,,official,reference,unlinked,,,yt-dlp channel export. duration=14:28,
youtube_p0eibop0xou,youtube,p0EIbOP0XOU,https://www.youtube.com/watch?v=p0EIbOP0XOU,1月30日（火）ライブ配信！21時ごろ！！【エンペラーNo.114の見どころ】,1月30日（火）ライブ配信！21時ごろ！！【エンペラーNo.114の見どころ】,NA,,official,reference,unlinked,,,yt-dlp channel export. duration=14:49,
youtube_d6tuqnfvmhy,youtube,d6tUQnfvMHY,https://www.youtube.com/watch?v=d6tUQnfvMHY,11月30日（土）アラカクライブNo.14あります！！＊概要欄チェック！！！【らんちゃーすがやvsあかそ見どころ動画】,11月30日（土）アラカクライブNo.14あります！！＊概要欄チェック！！！【らんちゃーすがやvsあかそ見どころ動画】,NA,,official,reference,unlinked,,,yt-dlp channel export. duration=8:12,
youtube_3oa5lu1gfai,youtube,3oa5Lu1GFAI,https://www.youtube.com/watch?v=3oa5Lu1GFAI,第7回MAXバウトライト級GP一回戦【煽り映像集】,第7回MAXバウトライト級GP一回戦【煽り映像集】,NA,,official,preview,unlinked,,,yt-dlp channel export. duration=11:40,
youtube_4rgh2fs6rp8,youtube,4Rgh2fs6rP8,https://www.youtube.com/watch?v=4Rgh2fs6rP8,【煽りＶのみ】わくvsつくりはら ターゲットNo.100 ライト級タイトルマッチ,【煽りＶのみ】わくvsつくりはら ターゲットNo.100 ライト級タイトルマッチ,NA,,official,preview,unlinked,,,yt-dlp channel export. duration=1:59,
youtube_1ptbs6ropuq,youtube,1PtBS6rOpuQ,https://www.youtube.com/watch?v=1PtBS6rOpuQ,【煽りＶのみ】かべいvsギタミン・アーロン ターゲットNo.100 ミドル級タイトルマッチ,【煽りＶのみ】かべいvsギタミン・アーロン ターゲットNo.100 ミドル級タイトルマッチ,NA,,official,preview,unlinked,,,yt-dlp channel export. duration=2:16,
youtube_bniqjtmfayw,youtube,BniqJtmfAYw,https://www.youtube.com/watch?v=BniqJtmfAYw,【煽りＶ】フラーム・グランvsだいな ターゲットNo.98 ライト級ワンマッチ,【煽りＶ】フラーム・グランvsだいな ターゲットNo.98 ライト級ワンマッチ,NA,,official,preview,unlinked,,,yt-dlp channel export. duration=1:55,
youtube_54kwdqyjoa8,youtube,54kwDQYjOA8,https://www.youtube.com/watch?v=54kwDQYjOA8,【煽り映像】マルコ・フレイザーvsブルーワン,【煽り映像】マルコ・フレイザーvsブルーワン,NA,,official,preview,unlinked,,,yt-dlp channel export. duration=3:19,
youtube_f93bk3gibcq,youtube,F93bK3gibcQ,https://www.youtube.com/watch?v=F93bK3gibcQ,【煽り映像】ダートソンvsアトゥリうえはら,【煽り映像】ダートソンvsアトゥリうえはら,NA,,official,preview,unlinked,,,yt-dlp channel export. duration=1:49,
youtube_2mm9_kcrsfu,youtube,2Mm9-KcrsfU,https://www.youtube.com/watch?v=2Mm9-KcrsfU,【煽りのみ】きんときvsおとさわ　ターゲットNo.90 ミドル級ワンマッチ,【煽りのみ】きんときvsおとさわ　ターゲットNo.90 ミドル級ワンマッチ,NA,,official,preview,unlinked,,,yt-dlp channel export. duration=1:50,
youtube_qfiwnhcogvu,youtube,qFIWnhcOgVU,https://www.youtube.com/watch?v=qFIWnhcOgVU,【煽り】ヘル・ラッサーvsテール・ジャンク マウンテンヒーローズNo.29ミドル級タイトルマッチ,【煽り】ヘル・ラッサーvsテール・ジャンク マウンテンヒーローズNo.29ミドル級タイトルマッチ,NA,,official,preview,unlinked,,,yt-dlp channel export. duration=2:20,
youtube_jby8vkzyuys,youtube,JbY8vkZYUys,https://www.youtube.com/watch?v=JbY8vkZYUys,【煽り】だいなvsつおし ターゲットNo.96 ライト級ワンマッチ,【煽り】だいなvsつおし ターゲットNo.96 ライト級ワンマッチ,NA,,official,preview,unlinked,,,yt-dlp channel export. duration=1:51,
youtube_foh5vctjij4,youtube,fOH5VCTjIJ4,https://www.youtube.com/watch?v=fOH5VCTjIJ4,【煽り】おとさわvsかべい ターゲットNo.87 ターゲットミドル級王座決定戦,【煽り】おとさわvsかべい ターゲットNo.87  ターゲットミドル級王座決定戦,NA,,official,preview,unlinked,,,yt-dlp channel export. duration=3:47,
youtube_bvtj1lsfwz4,youtube,BVtJ1Lsfwz4,https://www.youtube.com/watch?v=BVtJ1Lsfwz4,【煽りVのみ】エンペラーNo.118 ミドル級ワンマッチ　ルージュド・スターリーvsアマルド・ビュエーラ,【煽りVのみ】エンペラーNo.118 ミドル級ワンマッチ　ルージュド・スターリーvsアマルド・ビュエーラ,NA,,official,preview,unlinked,,,yt-dlp channel export. duration=2:33,
youtube_cw2jdbvp7yq,youtube,CW2JdBVp7yQ,https://www.youtube.com/watch?v=CW2JdBVp7yQ,【煽りV】第７回MAXバウトライト級GP二回戦,【煽りV】第７回MAXバウトライト級GP二回戦,NA,,official,preview,unlinked,,,yt-dlp channel export. duration=10:47,
youtube_zgnhiht4uss,youtube,ZgNhihT4uss,https://www.youtube.com/watch?v=ZgNhihT4uss,MAXバウトスペシャルワンマッチ大会煽り映像集！,MAXバウトスペシャルワンマッチ大会煽り映像集！,NA,,official,preview,unlinked,,,yt-dlp channel export. duration=9:58,
youtube_ifu9zhhjmzi,youtube,ifU9zHHJmzI,https://www.youtube.com/watch?v=ifU9zHHJmzI,試合前インタビュー　マルコ・フレイザー vsランダーデビル　第６回MAXバウトライト級トーナメント２回戦第一試合,試合前インタビュー　マルコ・フレイザー vsランダーデビル　第６回MAXバウトライト級トーナメント２回戦第一試合,NA,,official,interview,unlinked,,,yt-dlp channel export. duration=1:57,
youtube_a8qhaua4i1g,youtube,a8QHAUa4I1g,https://www.youtube.com/watch?v=a8QHAUa4I1g,試合前インタビュー　ブルーワンvsアイス・トロン　第６回MAXバウトライト級トーナメント２回戦第二試合,試合前インタビュー　ブルーワンvsアイス・トロン　第６回MAXバウトライト級トーナメント２回戦第二試合,NA,,official,interview,unlinked,,,yt-dlp channel export. duration=2:02,
youtube_s99fvrs7evw,youtube,s99fvrs7Evw,https://www.youtube.com/watch?v=s99fvrs7Evw,試合前インタビュー　コルト・アプローvsフラーム・グラン　第６回MAXバウトライト級トーナメント２回戦第四試合,試合前インタビュー　コルト・アプローvsフラーム・グラン　第６回MAXバウトライト級トーナメント２回戦第四試合,NA,,official,interview,unlinked,,,yt-dlp channel export. duration=2:11,
youtube_pcudq7vtm_g,youtube,pCuDq7VtM-g,https://www.youtube.com/watch?v=pCuDq7VtM-g,試合前インタビュー　わくvsゆめろう　第６回MAXバウトライト級トーナメント２回戦第三試合,試合前インタビュー　わくvsゆめろう　第６回MAXバウトライト級トーナメント２回戦第三試合,NA,,official,interview,unlinked,,,yt-dlp channel export. duration=2:47,
youtube_ihtjfcxuzz4,youtube,IhTJfcxUZZ4,https://www.youtube.com/watch?v=IhTJfcxUZZ4,第７回MAXバウトライト級GP準決勝・決勝ダイジェスト,第７回MAXバウトライト級GP準決勝・決勝ダイジェスト,NA,,official,highlight,unlinked,,,yt-dlp channel export. duration=7:00,
youtube_l5tdp1g49es,youtube,l5tdP1g49Es,https://www.youtube.com/watch?v=l5tdP1g49Es,第７回MAXバウトライト級GP二回戦ダイジェスト,第７回MAXバウトライト級GP二回戦ダイジェスト,NA,,official,highlight,unlinked,,,yt-dlp channel export. duration=8:09,
youtube_wp3ngiig9e,youtube,_wp3NgiiG9E,https://www.youtube.com/watch?v=_wp3NgiiG9E,第7回MAXバウトライト級GP一回戦ダイジェスト,第7回MAXバウトライト級GP一回戦ダイジェスト,NA,,official,highlight,unlinked,,,yt-dlp channel export. duration=14:51,
youtube_n4zermrppse,youtube,n4zERmRpPsE,https://www.youtube.com/watch?v=n4zERmRpPsE,第6回MAXバウトライト級トーナメント一回戦ダイジェスト,第6回MAXバウトライト級トーナメント一回戦ダイジェスト,NA,,official,highlight,unlinked,,,yt-dlp channel export. duration=10:57,
youtube_pwkcftx4lta,youtube,pwkcFTX4lTA,https://www.youtube.com/watch?v=pwkcFTX4lTA,第6回MAXバウトライト級トーナメントニ回戦ダイジェスト（表記ミス→ランダーデビル23勝）,第6回MAXバウトライト級トーナメントニ回戦ダイジェスト（表記ミス→ランダーデビル23勝）,NA,,official,highlight,unlinked,,,yt-dlp channel export. duration=9:07,
youtube_ubjzulnpoae,youtube,UbJZUlNPoaE,https://www.youtube.com/watch?v=UbJZUlNPoaE,第6回MAXバウトライト級トーナメントFINALダイジェスト【準決勝・決勝】,第6回MAXバウトライト級トーナメントFINALダイジェスト【準決勝・決勝】,NA,,official,highlight,unlinked,,,yt-dlp channel export. duration=9:29,
youtube_p3fcqirkjvc,youtube,P3FcqiRKjvc,https://www.youtube.com/watch?v=P3FcqiRKjvc,第5回MAXバウトミドル級トーナメント　一回戦　ダイジェスト,第5回MAXバウトミドル級トーナメント　一回戦　ダイジェスト,NA,,official,highlight,unlinked,,,yt-dlp channel export. duration=9:16,
youtube_wzlhskwpiwo,youtube,wZlHskWpIwo,https://www.youtube.com/watch?v=wZlHskWpIwo,第5回MAXバウトミドル級トーナメント　ニ回戦　ダイジェスト,第5回MAXバウトミドル級トーナメント　ニ回戦　ダイジェスト,NA,,official,highlight,unlinked,,,yt-dlp channel export. duration=9:53,
youtube_tnbfzyuctfo,youtube,TnBFzYucTFo,https://www.youtube.com/watch?v=TnBFzYucTFo,第5回MAXバウトミドル級トーナメトFINAL ダイジェスト,第5回MAXバウトミドル級トーナメトFINAL  ダイジェスト,NA,,official,highlight,unlinked,,,yt-dlp channel export. duration=9:56,
youtube_atfsftyzgfm,youtube,aTfSFTyZgFM,https://www.youtube.com/watch?v=aTfSFTyZgFM,ニューヨーク Official Channel紹介記念！アラカクベストバウトダイジェスト2025,ニューヨーク Official Channel紹介記念！アラカクベストバウトダイジェスト2025,NA,,official,highlight,unlinked,,,yt-dlp channel export. duration=8:26,
youtube_aklj9sjaywq,youtube,AKlj9SjAyWQ,https://www.youtube.com/watch?v=AKlj9SjAyWQ,小林ぼっち＆ムニエルのアラカク研修生卒業試験【アラカクテストライブダイジェスト】,小林ぼっち＆ムニエルのアラカク研修生卒業試験【アラカクテストライブダイジェスト】,NA,,official,highlight,unlinked,,,yt-dlp channel export. duration=15:31,
youtube_bompcnznx34,youtube,BomPcNZNX34,https://www.youtube.com/watch?v=BomPcNZNX34,ミサ・ウィル・ジョーvsルージュド・スターリー【フルファイト！MAXバウトミドル級スペシャルワンマッチ】,ミサ・ウィル・ジョーvsルージュド・スターリー【Full Fight！MAXバウトミドル級スペシャルワンマッチ】,NA,,official,full_fight,unlinked,,,yt-dlp channel export. duration=20:09,
youtube_tuog5suk_fo,youtube,tUOG5suk_Fo,https://www.youtube.com/watch?v=tUOG5suk_Fo,テール・ジャンクvs タイプ・ジー【フルファイト！MAXバウトミドル級スペシャルワンマッチ】,テール・ジャンクvs タイプ・ジー【Full Fight！MAXバウトミドル級スペシャルワンマッチ】,NA,,official,full_fight,unlinked,,,yt-dlp channel export. duration=21:57,
youtube_4cbcymly7ma,youtube,4cbCymlY7MA,https://www.youtube.com/watch?v=4cbCymlY7MA,ダイス・ヴォルケードvs ライン・デュオ【フルファイト！MAXバウトミドル級スペシャルワンマッチ】,ダイス・ヴォルケードvs ライン・デュオ【Full Fight！MAXバウトミドル級スペシャルワンマッチ】,NA,,official,full_fight,unlinked,,,yt-dlp channel export. duration=4:45,
youtube_siibzv70fww,youtube,SIibZV70FWw,https://www.youtube.com/watch?v=SIibZV70FWw,かべいvsさかえだ【フルファイト！MAXバウトミドル級スペシャルワンマッチ】,かべいvsさかえだ【Full Fight！MAXバウトミドル級スペシャルワンマッチ】,NA,,official,full_fight,unlinked,,,yt-dlp channel export. duration=6:41,
youtube_opylhps0jq0,youtube,opYLhPS0jQ0,https://www.youtube.com/watch?v=opYLhPS0jQ0,おとさわvs らんちゃーすがや【フルファイト！MAXバウトミドル級スペシャルワンマッチ】,おとさわvs らんちゃーすがや【Full Fight！MAXバウトミドル級スペシャルワンマッチ】,NA,,official,full_fight,unlinked,,,yt-dlp channel export. duration=19:04,
youtube_lp2btuxgjiy,youtube,lp2BtuxgJiY,https://www.youtube.com/watch?v=lp2BtuxgJiY,【エンペラー公式ルールは概要欄】フルファイト！ダートソンvsレイ・ガシーオ エンペラーNo.110 ミドル級ワンマッチ,【エンペラー公式ルールは概要欄】Full Fight！ダートソンvsレイ・ガシーオ エンペラーNo.110 ミドル級ワンマッチ,NA,,official,full_fight,unlinked,,,yt-dlp channel export. duration=3:43,
youtube_nm0ig9mdpi,youtube,-nM0IG9MDPI,https://www.youtube.com/watch?v=-nM0IG9MDPI,【ゼットvsらんちゃーすがや】マウンテン・ヒーローズNo.38ミドル級王座決定戦（クロコップ荒木の実況付きフルファイト！！）,【ゼットvsらんちゃーすがや】マウンテン・ヒーローズNo.38ミドル級王座決定戦（クロコップ荒木の実況付きFull Fight！！）,NA,,official,full_fight,unlinked,,,yt-dlp channel export. duration=13:33,
youtube_vplbxarc3pc,youtube,vPLbXARC3pc,https://www.youtube.com/watch?v=vPLbXARC3pc,【煽り＆クロコップ荒木の実況付き】フルファイト！ギタミン・アーロンvsおとさわ ターゲットNo.101 ミドル級タイトルマッチ,【煽り＆クロコップ荒木の実況付き】Full Fight！ギタミン・アーロンvsおとさわ ターゲットNo.101 ミドル級タイトルマッチ,NA,,official,full_fight,unlinked,,,yt-dlp channel export. duration=11:18,
youtube_ggjctmt9cfi,youtube,GgjCtMt9CFI,https://www.youtube.com/watch?v=GgjCtMt9CFI,【タイプ・ジーvsヘル・ラッサー】フルファイト！マウンテン・ヒーローズNo.40ミドル級ワンマッチ,【タイプ・ジーvsヘル・ラッサー】Full Fight！マウンテン・ヒーローズNo.40ミドル級ワンマッチ,NA,,official,full_fight,unlinked,,,yt-dlp channel export. duration=4:56,
youtube_dxknai8nu0k,youtube,DXKNAI8nU0k,https://www.youtube.com/watch?v=DXKNAI8nU0k,【タイプ・ジーvsチャールス・ブランディン】煽り付きフルファイト！エンペラーNo.120ミドル級ワンマッチ,【タイプ・ジーvsチャールス・ブランディン】煽り付きFull Fight！エンペラーNo.120ミドル級ワンマッチ,NA,,official,full_fight,unlinked,,,yt-dlp channel export. duration=6:40,
youtube_zvs_zboqwzm,youtube,ZVs-ZboQwZM,https://www.youtube.com/watch?v=ZVs-ZboQwZM,【トルー・パルドレスvsヘル・ラッサー】フルファイト！マウンテン・ヒーローズNo.39ミドル級ワンマッチ,【トルー・パルドレスvsヘル・ラッサー】Full Fight！マウンテン・ヒーローズNo.39ミドル級ワンマッチ,NA,,official,full_fight,unlinked,,,yt-dlp channel export. duration=17:55,
youtube_wgbrpkw3_u,youtube,WGBRpkW3_-U,https://www.youtube.com/watch?v=WGBRpkW3_-U,【ステシエン・チェットvsループデビル】フルファイト！エンペラーNo.120ライト級ワンマッチ,【ステシエン・チェットvsループデビル】Full Fight！エンペラーNo.120ライト級ワンマッチ,NA,,official,full_fight,unlinked,,,yt-dlp channel export. duration=11:54,
youtube_rqenv8yfeci,youtube,rQENV8yFecI,https://www.youtube.com/watch?v=rQENV8yFecI,【シガー・ユーナイムvsザモン】フルファイト！ターゲットNo.102 ミドル級ワンマッチ,【シガー・ユーナイムvsザモン】Full Fight！ターゲットNo.102 ミドル級ワンマッチ,NA,,official,full_fight,unlinked,,,yt-dlp channel export. duration=18:46,
youtube_48v5jmjeu1e,youtube,48v5jmJeu1E,https://www.youtube.com/watch?v=48v5jmJeu1E,【サム・ラッシュvsわしかが】フルファイト！ターゲットNo.102 ミドル級ワンマッチ,【サム・ラッシュvsわしかが】Full Fight！ターゲットNo.102 ミドル級ワンマッチ,NA,,official,full_fight,unlinked,,,yt-dlp channel export. duration=5:43,
youtube_fuaaxecs6he,youtube,fUaaXecs6hE,https://www.youtube.com/watch?v=fUaaXecs6hE,【さくらいvsレイ・ガシーオ】エンペラーNo.119ミドル級ワンマッチ（クロコップ荒木の実況付きフルファイト！！）,【さくらいvsレイ・ガシーオ】エンペラーNo.119ミドル級ワンマッチ（クロコップ荒木の実況付きFull Fight！！）,NA,,official,full_fight,unlinked,,,yt-dlp channel export. duration=11:58,
youtube_wae2pl4rfdw,youtube,wAE2pl4rfdw,https://www.youtube.com/watch?v=wAE2pl4rfdw,【さかえだvsルージュド・スターリー】エンペラーNo.119ミドル級ワンマッチ（クロコップ荒木の実況付きフルファイト！！）,【さかえだvsルージュド・スターリー】エンペラーNo.119ミドル級ワンマッチ（クロコップ荒木の実況付きFull Fight！！）,NA,,official,full_fight,unlinked,,,yt-dlp channel export. duration=8:40,
youtube_gencjoexft8,youtube,GEnCjoexFt8,https://www.youtube.com/watch?v=GEnCjoexFt8,【エス・ガリオンvsロン】フルファイト！エンペラーNo.120ミドル級ワンマッチ,【エス・ガリオンvsロン】Full Fight！エンペラーNo.120ミドル級ワンマッチ,NA,,official,full_fight,unlinked,,,yt-dlp channel export. duration=7:04,
youtube_bujuelt6hfo,youtube,bUJueLt6hFo,https://www.youtube.com/watch?v=bUJueLt6hFo,【ローリングジュニアvsトワックデビル】フルファイト！マウンテン・ヒーローズNo.40ミドル級ワンマッチ,【ローリングジュニアvsトワックデビル】Full Fight！マウンテン・ヒーローズNo.40ミドル級ワンマッチ,NA,,official,full_fight,unlinked,,,yt-dlp channel export. duration=10:24,
youtube_3jbgtu_pkeu,youtube,3jBGtu-PKEU,https://www.youtube.com/watch?v=3jBGtu-PKEU,【ローリングジュニアvsぱいそんはやし】マウンテン・ヒーローズNo.38ミドル級ワンマッチ（クロコップ荒木の実況付きフルファイト！！）,【ローリングジュニアvsぱいそんはやし】マウンテン・ヒーローズNo.38ミドル級ワンマッチ（クロコップ荒木の実況付きFull Fight！！）,NA,,official,full_fight,unlinked,,,yt-dlp channel export. duration=18:17,
youtube_htdjihj6z_q,youtube,HTdJIhJ6Z-Q,https://www.youtube.com/watch?v=HTdJIhJ6Z-Q,【ラドフvsオーシューワイルド】マウンテン・ヒーローズNo.38ミドル級ワンマッチ（クロコップ荒木の実況付きフルファイト！！）,【ラドフvsオーシューワイルド】マウンテン・ヒーローズNo.38ミドル級ワンマッチ（クロコップ荒木の実況付きFull Fight！！）,NA,,official,full_fight,unlinked,,,yt-dlp channel export. duration=5:02,
youtube_sgrylfsil_w,youtube,sGryLfsIl-w,https://www.youtube.com/watch?v=sGryLfsIl-w,【ぱいそんはやしvsジャニマード・トスパチ】フルファイト！マウンテン・ヒーローズNo.39ミドル級ワンマッチ,【ぱいそんはやしvsジャニマード・トスパチ】Full Fight！マウンテン・ヒーローズNo.39ミドル級ワンマッチ,NA,,official,full_fight,unlinked,,,yt-dlp channel export. duration=10:59,
youtube_vdb8qzkxcy,youtube,_vdB8QZkXCY,https://www.youtube.com/watch?v=_vdB8QZkXCY,【おとさわvsオーロラデビル】フルファイト！ターゲットNo.103ミドル級ワンマッチ,【おとさわvsオーロラデビル】Full Fight！ターゲットNo.103ミドル級ワンマッチ,NA,,official,full_fight,linked,,,yt-dlp channel export. duration=19:39,
youtube_an7ejcpbbhs,youtube,An7EjCPbbhs,https://www.youtube.com/watch?v=An7EjCPbbhs,【オーシューワイルドvsぱいそんはやし】フルファイト！マウンテン・ヒーローズNo.40ミドル級ワンマッチ,【オーシューワイルドvsぱいそんはやし】Full Fight！マウンテン・ヒーローズNo.40ミドル級ワンマッチ,NA,,official,full_fight,unlinked,,,yt-dlp channel export. duration=14:01,
youtube_ifz9rupnazm,youtube,IFZ9RuPnAZM,https://www.youtube.com/watch?v=IFZ9RuPnAZM,【ミサ・ウィル・ジョーvsブレード・アロー】煽り付きフルファイト！エンペラーNo.120ミドル級ワンマッチ,【ミサ・ウィル・ジョーvsブレード・アロー】煽り付きFull Fight！エンペラーNo.120ミドル級ワンマッチ,NA,,official,full_fight,unlinked,,,yt-dlp channel export. duration=12:54,
youtube_ephgtzg6nfs,youtube,epHGTzG6NFs,https://www.youtube.com/watch?v=epHGTzG6NFs,【ミハエル・ボタルニカvsオーロラデビル】フルファイト！ターゲットNo.102 ミドル級ワンマッチ,【ミハエル・ボタルニカvsオーロラデビル】Full Fight！ターゲットNo.102 ミドル級ワンマッチ,NA,,official,full_fight,unlinked,,,yt-dlp channel export. duration=11:30,
youtube_aez1_3vh9dm,youtube,aez1-3vh9DM,https://www.youtube.com/watch?v=aez1-3vh9DM,【ライン・デュオvsジャニマード・トスパチ】フルファイト！マウンテン・ヒーローズNo.40ミドル級ワンマッチ,【ライン・デュオvsジャニマード・トスパチ】Full Fight！マウンテン・ヒーローズNo.40ミドル級ワンマッチ,NA,,official,full_fight,unlinked,,,yt-dlp channel export. duration=4:21,
youtube_2ulafpwgt9q,youtube,2ULafpwGt9Q,https://www.youtube.com/watch?v=2ULafpwGt9Q,【きたむらvsつくりはら】（煽り映像付き）フルファイト！ターゲットNo.102 ライト級ワンマッチ,【きたむらvsつくりはら】（煽り映像付き）Full Fight！ターゲットNo.102 ライト級ワンマッチ,NA,,official,full_fight,unlinked,,,yt-dlp channel export. duration=9:48,
youtube_a2gy9ardmwu,youtube,A2GY9ardMwU,https://www.youtube.com/watch?v=A2GY9ardMwU,【きんときvsザモン】フルファイト！ターゲットNo.103ミドル級ワンマッチ,【きんときvsザモン】Full Fight！ターゲットNo.103ミドル級ワンマッチ,NA,,official,full_fight,linked,,,yt-dlp channel export. duration=6:27,
youtube_kb_ww6hufqg,youtube,Kb-ww6HuFQg,https://www.youtube.com/watch?v=Kb-ww6HuFQg,【かぜのvsこだま】フルファイト！ターゲットNo.102 ミドル級ワンマッチ,【かぜのvsこだま】Full Fight！ターゲットNo.102 ミドル級ワンマッチ,NA,,official,full_fight,unlinked,,,yt-dlp channel export. duration=7:43,
youtube_1meeptyfns,youtube,_1mEEptyfns,https://www.youtube.com/watch?v=_1mEEptyfns,【かべいvsフランク・ダクタ】フルファイト！ターゲットNo.103ミドル級ワンマッチ,【かべいvsフランク・ダクタ】Full Fight！ターゲットNo.103ミドル級ワンマッチ,NA,,official,full_fight,linked,,,yt-dlp channel export. duration=12:29,
youtube_5dmafndwhxg,youtube,5dmaFndwhXg,https://www.youtube.com/watch?v=5dmaFndwhXg,【ダートソンvsガネルソン・シャル・ワー】エンペラーNo.119ミドル級ワンマッチ（クロコップ荒木の実況付きフルファイト！！）,【ダートソンvsガネルソン・シャル・ワー】エンペラーNo.119ミドル級ワンマッチ（クロコップ荒木の実況付きFull Fight！！）,NA,,official,full_fight,unlinked,,,yt-dlp channel export. duration=5:46,
youtube_np5jzwchxi0,youtube,NP5jzWCHXI0,https://www.youtube.com/watch?v=NP5jzWCHXI0,【クロコップ荒木の実況付き】フルファイト！ザモンvsオーロラデビル　ターゲットNo.101 ミドル級ワンマッチ,【クロコップ荒木の実況付き】Full Fight！ザモンvsオーロラデビル　ターゲットNo.101 ミドル級ワンマッチ,NA,,official,full_fight,unlinked,,,yt-dlp channel export. duration=6:37,
youtube_0nt8ufrwimc,youtube,0nT8UfRwIMc,https://www.youtube.com/watch?v=0nT8UfRwIMc,【クロコップ荒木の実況付き】フルファイト！かぶとvsイベルト・キューミ　ターゲットNo.101 ライト級ワンマッチ,【クロコップ荒木の実況付き】Full Fight！かぶとvsイベルト・キューミ　ターゲットNo.101 ライト級ワンマッチ,NA,,official,full_fight,unlinked,,,yt-dlp channel export. duration=15:56,
youtube_ttl61cvhxrw,youtube,TtL61cVhXrw,https://www.youtube.com/watch?v=TtL61cVhXrw,【クロコップ荒木の実況付き】フルファイト！かべいvsラミーロ・コート ターゲットNo.101 ミドル級ワンマッチ,【クロコップ荒木の実況付き】Full Fight！かべいvsラミーロ・コート ターゲットNo.101 ミドル級ワンマッチ,NA,,official,full_fight,unlinked,,,yt-dlp channel export. duration=13:13,
youtube_zetalrxjn68,youtube,zetalRXjn68,https://www.youtube.com/watch?v=zetalRXjn68,【クロノ・マリーケンvsライン・デュオ】フルファイト！マウンテン・ヒーローズNo.39ミドル級ワンマッチ,【クロノ・マリーケンvsライン・デュオ】Full Fight！マウンテン・ヒーローズNo.39ミドル級ワンマッチ,NA,,official,full_fight,unlinked,,,yt-dlp channel export. duration=4:08,
youtube_lieo6s_renc,youtube,lieO6s-reNc,https://www.youtube.com/watch?v=lieO6s-reNc,【アトゥリうえはらvsエス・ガリオン】エンペラーNo.119ミドル級ワンマッチ（クロコップ荒木の実況付きフルファイト！！）,【アトゥリうえはらvsエス・ガリオン】エンペラーNo.119ミドル級ワンマッチ（クロコップ荒木の実況付きFull Fight！！）,NA,,official,full_fight,unlinked,,,yt-dlp channel export. duration=5:45,
youtube_0vt0j0l9jja,youtube,0vt0J0l9JjA,https://www.youtube.com/watch?v=0vt0J0l9JjA,【アリベル・アリベラvsわしかが】フルファイト！ターゲットNo.103ミドル級ワンマッチ,【アリベル・アリベラvsわしかが】Full Fight！ターゲットNo.103ミドル級ワンマッチ,NA,,official,full_fight,linked,,,yt-dlp channel export. duration=4:54,
youtube_l0y4gy4llq0,youtube,l0y4gy4LLQ0,https://www.youtube.com/watch?v=l0y4gy4LLQ0,フルファイト！第７回MAXバウトライト級GP準決勝Ｂブロック ブルーワンvsダブド・ガブリシャン,Full Fight！第７回MAXバウトライト級GP準決勝Ｂブロック  ブルーワンvsダブド・ガブリシャン,NA,,official,full_fight,unlinked,,,yt-dlp channel export. duration=6:57,
youtube_h3la4h4lfck,youtube,h3La4H4lfCk,https://www.youtube.com/watch?v=h3La4H4lfCk,フルファイト！第７回 MAXバウトライト級GPＡブロック ランダーデビルvsイスカン・アステ,Full Fight！第７回 MAXバウトライト級GPＡブロック  ランダーデビルvsイスカン・アステ,NA,,official,full_fight,unlinked,,,yt-dlp channel export. duration=9:28,
youtube_surk9nnwoxi,youtube,suRk9nNwOxI,https://www.youtube.com/watch?v=suRk9nNwOxI,フルファイト！第６回 MAXバウトライト級トーナメント２回戦 第四試合　コルト・アプローvsフラーム・グラン,Full Fight！第６回 MAXバウトライト級トーナメント２回戦 第四試合　コルト・アプローvsフラーム・グラン,NA,,official,full_fight,unlinked,,,yt-dlp channel export. duration=7:04,
youtube_pvujuvxd4a4,youtube,PvuJUVXd4a4,https://www.youtube.com/watch?v=PvuJUVXd4a4,フルファイト！第６回 MAXバウトライト級トーナメント２回戦 第二試合　ブルーワンvsアイス・トロン,Full Fight！第６回 MAXバウトライト級トーナメント２回戦 第二試合　ブルーワンvsアイス・トロン,NA,,official,full_fight,unlinked,,,yt-dlp channel export. duration=6:11,
youtube_jdzqmwx4vg4,youtube,jDzqmwx4vG4,https://www.youtube.com/watch?v=jDzqmwx4vG4,フルファイト！第６回 MAXバウトライト級トーナメント２回戦 第三試合　わくvsゆめろう,Full Fight！第６回 MAXバウトライト級トーナメント２回戦 第三試合　わくvsゆめろう,NA,,official,full_fight,unlinked,,,yt-dlp channel export. duration=17:52,
youtube_oynlvwudspu,youtube,OYnlVWUDsPU,https://www.youtube.com/watch?v=OYnlVWUDsPU,フルファイト！第６回 MAXバウトライト級トーナメント２回戦 第一試合　マルコ・フレイザーvsランダーデビル,Full Fight！第６回 MAXバウトライト級トーナメント２回戦 第一試合　マルコ・フレイザーvsランダーデビル,NA,,official,full_fight,unlinked,,,yt-dlp channel export. duration=6:28,
youtube_z5lialvefc,youtube,-z5LiALVefc,https://www.youtube.com/watch?v=-z5LiALVefc,フルファイト！第６回 MAXバウトライト級トーナメント準決勝第一試合　ランダーデビルvsブルーワン（表記ミス→ランダーデビル34勝じゃなく24勝）,Full Fight！第６回 MAXバウトライト級トーナメント準決勝第一試合　ランダーデビルvsブルーワン（表記ミス→ランダーデビル34勝じゃなく24勝）,NA,,official,full_fight,unlinked,,,yt-dlp channel export. duration=20:47,
youtube_xxhhyfb8kq,youtube,-xXhhyFB8KQ,https://www.youtube.com/watch?v=-xXhhyFB8KQ,フルファイト！第６回 MAXバウトライト級トーナメント準決勝第ニ試合　わくvsコルト・アプロー,Full Fight！第６回 MAXバウトライト級トーナメント準決勝第ニ試合　わくvsコルト・アプロー,NA,,official,full_fight,unlinked,,,yt-dlp channel export. duration=4:41,
youtube_41mou0pvo8w,youtube,41MoU0PvO8w,https://www.youtube.com/watch?v=41MoU0PvO8w,フルファイト！第６回 MAXバウトライト級トーナメント決勝　ブルーワンvsコルト・アプロー,Full Fight！第６回 MAXバウトライト級トーナメント決勝　ブルーワンvsコルト・アプロー,NA,,official,full_fight,unlinked,,,yt-dlp channel export. duration=12:08,
youtube_9hosl10mklo,youtube,9HosL10mklo,https://www.youtube.com/watch?v=9HosL10mklo,フルファイト！第６回 MAXバウトライト級トーナメント一回戦Ｂブロック　ランダーデビルvsローリングジュニア,Full Fight！第６回 MAXバウトライト級トーナメント一回戦Ｂブロック　ランダーデビルvsローリングジュニア,NA,,official,full_fight,unlinked,,,yt-dlp channel export. duration=17:46,
youtube_b3mm_ebk_my,youtube,b3MM-eBK-MY,https://www.youtube.com/watch?v=b3MM-eBK-MY,フルファイト！第６回 MAXバウトライト級トーナメント一回戦Ｂブロック　ブルーワンvsきたむら,Full Fight！第６回 MAXバウトライト級トーナメント一回戦Ｂブロック　ブルーワンvsきたむら,NA,,official,full_fight,unlinked,,,yt-dlp channel export. duration=8:50,
youtube_eis5offdwks,youtube,eis5offdWKs,https://www.youtube.com/watch?v=eis5offdWKs,フルファイト！第６回 MAXバウトライト級トーナメント一回戦Ｂブロック　フラーム・グランvsワインセル,Full Fight！第６回 MAXバウトライト級トーナメント一回戦Ｂブロック　フラーム・グランvsワインセル,NA,,official,full_fight,unlinked,,,yt-dlp channel export. duration=19:39,
youtube_zp7rkliamr4,youtube,zp7RkLiamr4,https://www.youtube.com/watch?v=zp7RkLiamr4,フルファイト！第６回 MAXバウトライト級トーナメント一回戦Ｂブロック　バン・ベルソーザvsゆめろう,Full Fight！第６回 MAXバウトライト級トーナメント一回戦Ｂブロック　バン・ベルソーザvsゆめろう,NA,,official,full_fight,unlinked,,,yt-dlp channel export. duration=3:30,
youtube_3k_jsttv5wi,youtube,3k_jStTv5WI,https://www.youtube.com/watch?v=3k_jStTv5WI,フルファイト！第６回 MAXバウトライト級トーナメント一回戦Ａブロック　パットバミューダvsアイス・トロン,Full Fight！第６回 MAXバウトライト級トーナメント一回戦Ａブロック　パットバミューダvsアイス・トロン,NA,,official,full_fight,unlinked,,,yt-dlp channel export. duration=10:23,
youtube_gerbahnq_po,youtube,geRbaHNQ_po,https://www.youtube.com/watch?v=geRbaHNQ_po,フルファイト！第６回 MAXバウトライト級トーナメント一回戦Ａブロック　ジョン・バレーvsわく,Full Fight！第６回 MAXバウトライト級トーナメント一回戦Ａブロック　ジョン・バレーvsわく,NA,,official,full_fight,unlinked,,,yt-dlp channel export. duration=14:59,
youtube_mzffdb97ygw,youtube,mzFFDB97yGw,https://www.youtube.com/watch?v=mzFFDB97yGw,フルファイト！第６回 MAXバウトライト級トーナメント一回戦Ａブロック　コルト・アプローvsセンサー・ファッジ,Full Fight！第６回 MAXバウトライト級トーナメント一回戦Ａブロック　コルト・アプローvsセンサー・ファッジ,NA,,official,full_fight,unlinked,,,yt-dlp channel export. duration=7:12,
youtube_lrsezu2mkwi,youtube,LrsEZU2MKWI,https://www.youtube.com/watch?v=LrsEZU2MKWI,フルファイト！第６回 MAXバウトライト級トーナメント一回戦Ａブロック　さんごくvsマルコ・フレイザー,Full Fight！第６回 MAXバウトライト級トーナメント一回戦Ａブロック　さんごくvsマルコ・フレイザー,NA,,official,full_fight,unlinked,,,yt-dlp channel export. duration=7:30,
youtube_sxu4xadywj4,youtube,sXu4XadYWJ4,https://www.youtube.com/watch?v=sXu4XadYWJ4,フルファイト！第５回 MAXバウトミドル級トーナメント準決勝Ｂブロック　テール・ジャンクvsゼット,Full Fight！第５回 MAXバウトミドル級トーナメント準決勝Ｂブロック　テール・ジャンクvsゼット,NA,,official,full_fight,unlinked,,,yt-dlp channel export. duration=10:52,
youtube_pzlpry9qwaw,youtube,pzlprY9QwAw,https://www.youtube.com/watch?v=pzlprY9QwAw,フルファイト！第５回 MAXバウトミドル級トーナメント準決勝Ａブロック　さかえだvsミサ・ウィル・ジョー,Full Fight！第５回 MAXバウトミドル級トーナメント準決勝Ａブロック　さかえだvsミサ・ウィル・ジョー,NA,,official,full_fight,unlinked,,,yt-dlp channel export. duration=6:07,
youtube_dhbctg1olfu,youtube,dHBctG1OlFU,https://www.youtube.com/watch?v=dHBctG1OlFU,フルファイト！第５回 MAXバウトミドル級トーナメント決勝　ミサ・ウィル・ジョーvsテール・ジャンク,Full Fight！第５回 MAXバウトミドル級トーナメント決勝　ミサ・ウィル・ジョーvsテール・ジャンク,NA,,official,full_fight,unlinked,,,yt-dlp channel export. duration=8:58,
youtube_veyyj1akdtc,youtube,veyyj1akDTc,https://www.youtube.com/watch?v=veyyj1akDTc,フルファイト！第５回 MAXバウトミドル級トーナメント二回戦Ａブロック　テール・ジャンクvsルージュド・スターリー,Full Fight！第５回 MAXバウトミドル級トーナメント二回戦Ａブロック　テール・ジャンクvsルージュド・スターリー,NA,,official,full_fight,unlinked,,,yt-dlp channel export. duration=12:57,
youtube_szekaoaieb8,youtube,SzeKaOAiEb8,https://www.youtube.com/watch?v=SzeKaOAiEb8,フルファイト！第５回 MAXバウトミドル級トーナメント二回戦Ａブロック　ダイス・ヴォルケードvsミサ・ウィル・ジョー,Full Fight！第５回 MAXバウトミドル級トーナメント二回戦Ａブロック　ダイス・ヴォルケードvsミサ・ウィル・ジョー,NA,,official,full_fight,unlinked,,,yt-dlp channel export. duration=20:21,
youtube_zmcyei8g3mi,youtube,ZMcYEI8g3MI,https://www.youtube.com/watch?v=ZMcYEI8g3MI,フルファイト！第５回 MAXバウトミドル級トーナメント二回戦Ａブロック　さかえだvsクロノ・マリーケン,Full Fight！第５回 MAXバウトミドル級トーナメント二回戦Ａブロック　さかえだvsクロノ・マリーケン,NA,,official,full_fight,unlinked,,,yt-dlp channel export. duration=5:38,
youtube_vvxae1wlsxm,youtube,vvXAe1wlSxM,https://www.youtube.com/watch?v=vvXAe1wlSxM,フルファイト！第５回 MAXバウトミドル級トーナメント二回戦Ａブロック　かべいvsゼット,Full Fight！第５回 MAXバウトミドル級トーナメント二回戦Ａブロック　かべいvsゼット,NA,,official,full_fight,unlinked,,,yt-dlp channel export. duration=20:25,
youtube_w882wsm09lc,youtube,w882wsM09Lc,https://www.youtube.com/watch?v=w882wsM09Lc,フルファイト！第５回 MAXバウトミドル級トーナメント一回戦Ｂブロック　トルー・パルドレスvsダイス・ヴォルケード,Full Fight！第５回 MAXバウトミドル級トーナメント一回戦Ｂブロック　トルー・パルドレスvsダイス・ヴォルケード,NA,,official,full_fight,unlinked,,,yt-dlp channel export. duration=11:50,
youtube_udtntbd9neu,youtube,uDtNtBD9NEU,https://www.youtube.com/watch?v=uDtNtBD9NEU,フルファイト！第５回 MAXバウトミドル級トーナメント一回戦Ｂブロック　テール・ジャンクvsらんちゃーすがや,Full Fight！第５回 MAXバウトミドル級トーナメント一回戦Ｂブロック　テール・ジャンクvsらんちゃーすがや,NA,,official,full_fight,unlinked,,,yt-dlp channel export. duration=4:31,
youtube_4a_ucjfzwra,youtube,4A-ucJFzWrA,https://www.youtube.com/watch?v=4A-ucJFzWrA,フルファイト！第５回 MAXバウトミドル級トーナメント一回戦Ｂブロック　クロノ・マリーケンvsギタミン・アーロン,Full Fight！第５回 MAXバウトミドル級トーナメント一回戦Ｂブロック　クロノ・マリーケンvsギタミン・アーロン,NA,,official,full_fight,unlinked,,,yt-dlp channel export. duration=10:41,
youtube_7rixgvx9na,youtube,-7rixgVx9nA,https://www.youtube.com/watch?v=-7rixgVx9nA,フルファイト！第５回 MAXバウトミドル級トーナメント一回戦Ｂブロック　さかえだvsミハエル・ボタルニカ,Full Fight！第５回 MAXバウトミドル級トーナメント一回戦Ｂブロック　さかえだvsミハエル・ボタルニカ,NA,,official,full_fight,unlinked,,,yt-dlp channel export. duration=20:38,
youtube_mnp9fbyafra,youtube,mNP9FbyAFrA,https://www.youtube.com/watch?v=mNP9FbyAFrA,フルファイト！第５回 MAXバウトミドル級トーナメント一回戦Ａブロック　ルージュド・スターリーvsシガー・ユーナイム,Full Fight！第５回 MAXバウトミドル級トーナメント一回戦Ａブロック　ルージュド・スターリーvsシガー・ユーナイム,NA,,official,full_fight,unlinked,,,yt-dlp channel export. duration=5:41,
youtube_voqcotsamwi,youtube,vOqCOtsAmWI,https://www.youtube.com/watch?v=vOqCOtsAmWI,フルファイト！第５回 MAXバウトミドル級トーナメント一回戦Ａブロック　ミサ・ウィル・ジョーvsヘル・ラッサー,Full Fight！第５回 MAXバウトミドル級トーナメント一回戦Ａブロック　ミサ・ウィル・ジョーvsヘル・ラッサー,NA,,official,full_fight,unlinked,,,yt-dlp channel export. duration=20:31,
youtube_fynnomuod1i,youtube,fyNnoMuod1I,https://www.youtube.com/watch?v=fyNnoMuod1I,フルファイト！第５回 MAXバウトミドル級トーナメント一回戦Ａブロック　チャールス・ブランディンvsかべい,Full Fight！第５回 MAXバウトミドル級トーナメント一回戦Ａブロック　チャールス・ブランディンvsかべい,NA,,official,full_fight,unlinked,,,yt-dlp channel export. duration=4:50,
youtube_lj_cbs1xmiq,youtube,LJ_Cbs1xmiQ,https://www.youtube.com/watch?v=LJ_Cbs1xmiQ,フルファイト！第５回 MAXバウトミドル級トーナメント一回戦Ａブロック　おとさわvsゼット,Full Fight！第５回 MAXバウトミドル級トーナメント一回戦Ａブロック　おとさわvsゼット,NA,,official,full_fight,unlinked,,,yt-dlp channel export. duration=18:09,
youtube_irt8ikcjj4i,youtube,IrT8IKCjj4I,https://www.youtube.com/watch?v=IrT8IKCjj4I,フルファイト！第7回 MAXバウトライト級トーナメント二回戦Bブロック ダブド・ガブリシャンvsローリングジュニア,Full Fight！第7回 MAXバウトライト級トーナメント二回戦Bブロック ダブド・ガブリシャンvsローリングジュニア,NA,,official,full_fight,unlinked,,,yt-dlp channel export. duration=8:02,
youtube_ysyzts9p7uo,youtube,YsyzTs9p7uo,https://www.youtube.com/watch?v=YsyzTs9p7uo,フルファイト！第7回 MAXバウトライト級トーナメント二回戦Bブロック コルト・アプローvsブルーワン,Full Fight！第7回 MAXバウトライト級トーナメント二回戦Bブロック コルト・アプローvsブルーワン,NA,,official,full_fight,unlinked,,,yt-dlp channel export. duration=7:05,
youtube_mzsxwh_pvtq,youtube,MZsxwh-pvtQ,https://www.youtube.com/watch?v=MZsxwh-pvtQ,フルファイト！第7回 MAXバウトライト級トーナメント二回戦Aブロック イスカン・アステvsマルコ・フレイザー,Full Fight！第7回 MAXバウトライト級トーナメント二回戦Aブロック イスカン・アステvsマルコ・フレイザー,NA,,official,full_fight,unlinked,,,yt-dlp channel export. duration=12:38,
youtube_x1t1w3rqpb0,youtube,x1T1w3RqPb0,https://www.youtube.com/watch?v=x1T1w3RqPb0,フルファイト！第7回 MAXバウトライト級トーナメント二回戦Aブロック つくりはらvsランダーデビル,Full Fight！第7回 MAXバウトライト級トーナメント二回戦Aブロック つくりはらvsランダーデビル,NA,,official,full_fight,unlinked,,,yt-dlp channel export. duration=13:50,
youtube_6cc4iyh_ejy,youtube,6Cc4iYH_EJY,https://www.youtube.com/watch?v=6Cc4iYH_EJY,フルファイト！第7回 MAXバウトライト級トーナメント一回戦Bブロック マルコ・フレイザーvsワインセル,Full Fight！第7回 MAXバウトライト級トーナメント一回戦Bブロック マルコ・フレイザーvsワインセル,NA,,official,full_fight,unlinked,,,yt-dlp channel export. duration=14:27,
youtube_u8b1_0fnkx8,youtube,U8B1-0FnKx8,https://www.youtube.com/watch?v=U8B1-0FnKx8,フルファイト！第7回 MAXバウトライト級トーナメント一回戦Bブロック わくvsローリングジュニア,Full Fight！第7回 MAXバウトライト級トーナメント一回戦Bブロック わくvsローリングジュニア,NA,,official,full_fight,unlinked,,,yt-dlp channel export. duration=6:48,
youtube_us8ne3rhqsq,youtube,uS8NE3rHQsQ,https://www.youtube.com/watch?v=uS8NE3rHQsQ,フルファイト！第7回 MAXバウトライト級トーナメント一回戦Bブロック さんごくvsダブド・ガブリシャン,Full Fight！第7回 MAXバウトライト級トーナメント一回戦Bブロック さんごくvsダブド・ガブリシャン,NA,,official,full_fight,unlinked,,,yt-dlp channel export. duration=17:03,
youtube_gj_hwkw33s,youtube,gJ__hwkw33s,https://www.youtube.com/watch?v=gJ__hwkw33s,フルファイト！第7回 MAXバウトライト級トーナメント一回戦Bブロック イスカン・アステvsきたむら,Full Fight！第7回 MAXバウトライト級トーナメント一回戦Bブロック  イスカン・アステvsきたむら,NA,,official,full_fight,unlinked,,,yt-dlp channel export. duration=16:38,
youtube_4bnoht7mgww,youtube,4bNohT7mgWw,https://www.youtube.com/watch?v=4bNohT7mgWw,フルファイト！第7回 MAXバウトライト級トーナメント一回戦Aブロック ランダーデビルvsキマイラ,Full Fight！第7回 MAXバウトライト級トーナメント一回戦Aブロック ランダーデビルvsキマイラ,NA,,official,full_fight,unlinked,,,yt-dlp channel export. duration=7:50,
youtube_dkhrnaaksho,youtube,DkhrnaakSHo,https://www.youtube.com/watch?v=DkhrnaakSHo,フルファイト！第7回 MAXバウトライト級トーナメント一回戦Aブロック コルト・アプローvsだいな,Full Fight！第7回 MAXバウトライト級トーナメント一回戦Aブロック コルト・アプローvsだいな,NA,,official,full_fight,unlinked,,,yt-dlp channel export. duration=7:57,
youtube_hmig9qnqcp8,youtube,Hmig9QNqcP8,https://www.youtube.com/watch?v=Hmig9QNqcP8,フルファイト！第7回 MAXバウトライト級トーナメント一回戦Aブロック つくりはらvsステシエン・チェット,Full Fight！第7回 MAXバウトライト級トーナメント一回戦Aブロック つくりはらvsステシエン・チェット,NA,,official,full_fight,unlinked,,,yt-dlp channel export. duration=19:22,
youtube_23ui9dcnmle,youtube,23ui9dCnMlE,https://www.youtube.com/watch?v=23ui9dCnMlE,フルファイト！第7回 MAXバウトライト級トーナメント一回戦Aブロック くわしおvsブルーワン,Full Fight！第7回 MAXバウトライト級トーナメント一回戦Aブロック くわしおvsブルーワン,NA,,official,full_fight,unlinked,,,yt-dlp channel export. duration=5:49,
youtube_lk45sjahdk0,youtube,LK45sJahdK0,https://www.youtube.com/watch?v=LK45sJahdK0,フルファイト！第7回 MAXバウトライト級GP決勝　ランダーデビルvsブルーワン,Full Fight！第7回 MAXバウトライト級GP決勝　ランダーデビルvsブルーワン,NA,,official,full_fight,unlinked,,,yt-dlp channel export. duration=12:34,
youtube_eqlubfqon_q,youtube,EqlubfqON-Q,https://www.youtube.com/watch?v=EqlubfqON-Q,フルファイト！ヴァン・ブルックスvsダイス・ヴォルケード エンペラーNo.110 ミドル級ワンマッチ,Full Fight！ヴァン・ブルックスvsダイス・ヴォルケード エンペラーNo.110 ミドル級ワンマッチ,NA,,official,full_fight,unlinked,,,yt-dlp channel export. duration=4:16,
youtube_ckhfjmv2gfe,youtube,cKhfJMv2GFE,https://www.youtube.com/watch?v=cKhfJMv2GFE,フルファイト！ヴァン・ブルックスvsアトゥリうえはら エンペラーNo.114 ミドル級ワンマッチ,Full Fight！ヴァン・ブルックスvsアトゥリうえはら エンペラーNo.114 ミドル級ワンマッチ,NA,,official,full_fight,unlinked,,,yt-dlp channel export. duration=5:16,
youtube_jfai2e7nwcw,youtube,jfaI2E7nwCw,https://www.youtube.com/watch?v=jfaI2E7nwCw,フルファイト！ワインセルvsハリス・オルビック ターゲットNo.88 ライト級ワンマッチ,Full Fight！ワインセルvsハリス・オルビック ターゲットNo.88 ライト級ワンマッチ,NA,,official,full_fight,unlinked,,,yt-dlp channel export. duration=14:29,
youtube_m3upkoczyo4,youtube,M3uPKocZYO4,https://www.youtube.com/watch?v=M3uPKocZYO4,フルファイト！ワインセルvsセンサー・ファッジ　No.95 ライト級ワンマッチ,Full Fight！ワインセルvsセンサー・ファッジ　No.95 ライト級ワンマッチ,NA,,official,full_fight,unlinked,,,yt-dlp channel export. duration=12:01,
youtube_14fzpah41t0,youtube,14fZPAh41t0,https://www.youtube.com/watch?v=14fZPAh41t0,フルファイト！ワインセルvsイベルト・キューミ ターゲットNo.93 ライト級ワンマッチ,Full Fight！ワインセルvsイベルト・キューミ ターゲットNo.93 ライト級ワンマッチ,NA,,official,full_fight,unlinked,,,yt-dlp channel export. duration=11:14,
youtube_cnizik34mxe,youtube,CNIZIk34mxE,https://www.youtube.com/watch?v=CNIZIk34mxE,フルファイト！ワインセルvsだいな ターゲットNo.100 ライト級ワンマッチ,Full Fight！ワインセルvsだいな ターゲットNo.100 ライト級ワンマッチ,NA,,official,full_fight,unlinked,,,yt-dlp channel export. duration=4:33,
youtube_13ob38c7t_8,youtube,13OB38c7T_8,https://www.youtube.com/watch?v=13OB38c7T_8,フルファイト！ワインセルvsきょうない ターゲットNo.98 ライト級ワンマッチ,Full Fight！ワインセルvsきょうない ターゲットNo.98 ライト級ワンマッチ,NA,,official,full_fight,unlinked,,,yt-dlp channel export. duration=11:33,
youtube_ohxh8yuitfy,youtube,ohXh8YUITFY,https://www.youtube.com/watch?v=ohXh8YUITFY,フルファイト！ローリングジュニアvsくわしお マウンテン・ヒーローズNo.28 ライト級ワンマッチ,Full Fight！ローリングジュニアvsくわしお マウンテン・ヒーローズNo.28 ライト級ワンマッチ,NA,,official,full_fight,unlinked,,,yt-dlp channel export. duration=12:03,
youtube_e0it_vkslzc,youtube,E0It_VKSlZc,https://www.youtube.com/watch?v=E0It_VKSlZc,フルファイト！ローリングジュニアvsダブド・ガブリシャン マウンテン・ヒーローズNo.33 ライト級ワンマッチ,Full Fight！ローリングジュニアvsダブド・ガブリシャン マウンテン・ヒーローズNo.33 ライト級ワンマッチ,NA,,official,full_fight,unlinked,,,yt-dlp channel export. duration=4:31,
youtube_kb7j3t8t8zs,youtube,Kb7j3t8T8Zs,https://www.youtube.com/watch?v=Kb7j3t8T8Zs,フルファイト！ロコール・アラニンvsチャールス・ブランディン エンペラーNo.111 ミドル級ワンマッチ,Full Fight！ロコール・アラニンvsチャールス・ブランディン エンペラーNo.111 ミドル級ワンマッチ,NA,,official,full_fight,unlinked,,,yt-dlp channel export. duration=5:25,
youtube_sttxjk1ugrg,youtube,StTXjk1ugrg,https://www.youtube.com/watch?v=StTXjk1ugrg,フルファイト！レーサー・ガルシアvsだいな　ターゲットNo.92 ライト級ワンマッチ,Full Fight！レーサー・ガルシアvsだいな　ターゲットNo.92 ライト級ワンマッチ,NA,,official,full_fight,unlinked,,,yt-dlp channel export. duration=5:20,
youtube_qf4ikb9ib_c,youtube,qF4ikb9ib_c,https://www.youtube.com/watch?v=qF4ikb9ib_c,フルファイト！レイ・ガシーオvsルージュド・スターリー エンペラーNo.117 ミドル級ワンマッチ,Full Fight！レイ・ガシーオvsルージュド・スターリー エンペラーNo.117 ミドル級ワンマッチ,NA,,official,full_fight,unlinked,,,yt-dlp channel export. duration=6:19,
youtube_isftownyj1u,youtube,IsftOwNYj1U,https://www.youtube.com/watch?v=IsftOwNYj1U,フルファイト！ルージュド・スターリーvsアマルド・ビュエーラ エンペラーNo.118 ミドル級ワンマッチ,Full Fight！ルージュド・スターリーvsアマルド・ビュエーラ エンペラーNo.118 ミドル級ワンマッチ,NA,,official,full_fight,unlinked,,,yt-dlp channel export. duration=18:23,
youtube_4d8cgcsgpki,youtube,4D8cgCSgpkI,https://www.youtube.com/watch?v=4D8cgCSgpkI,フルファイト！ランダーデビルvsさんごく マウンテン・ヒーローズNo.30 ライト級タイトルマッチ,Full Fight！ランダーデビルvsさんごく マウンテン・ヒーローズNo.30 ライト級タイトルマッチ,NA,,official,full_fight,unlinked,,,yt-dlp channel export. duration=18:35,
youtube_dpfnqvami3s,youtube,dPfNqvami3s,https://www.youtube.com/watch?v=dPfNqvami3s,フルファイト！ライン・デュオvsテール・ジャンク マウンテン・ヒーローズNo.27 ミドル級ワンマッチ,Full Fight！ライン・デュオvsテール・ジャンク マウンテン・ヒーローズNo.27 ミドル級ワンマッチ,NA,,official,full_fight,unlinked,,,yt-dlp channel export. duration=6:28,
youtube_ixbizmwgzn4,youtube,IXbiZmWGZN4,https://www.youtube.com/watch?v=IXbiZmWGZN4,フルファイト！ヨルセン・バクダリアvsさんごく マウンテン・ヒーローズNo.27 ライト級ワンマッチ,Full Fight！ヨルセン・バクダリアvsさんごく マウンテン・ヒーローズNo.27 ライト級ワンマッチ,NA,,official,full_fight,unlinked,,,yt-dlp channel export. duration=10:04,
youtube_gyn9fbpcwsq,youtube,gYn9fBPCWSQ,https://www.youtube.com/watch?v=gYn9fBPCWSQ,フルファイト！ムラト・クツワvsダブド・ガブリシャン マウンテン・ヒーローズNo.30 ライト級ワンマッチ,Full Fight！ムラト・クツワvsダブド・ガブリシャン マウンテン・ヒーローズNo.30 ライト級ワンマッチ,NA,,official,full_fight,unlinked,,,yt-dlp channel export. duration=5:16,
youtube_drke4kjgmuu,youtube,dRkE4kjgmUU,https://www.youtube.com/watch?v=dRkE4kjgmUU,フルファイト！ムラト・クツワvsジョン・バレー マウンテン・ヒーローズNo.29 ライト級ワンマッチ,Full Fight！ムラト・クツワvsジョン・バレー マウンテン・ヒーローズNo.29 ライト級ワンマッチ,NA,,official,full_fight,unlinked,,,yt-dlp channel export. duration=5:33,
youtube_wtgb_0m60sk,youtube,WTGb-0m60Sk,https://www.youtube.com/watch?v=WTGb-0m60Sk,フルファイト！ムラト・クツワvsかわかみ マウンテン・ヒーローズNo.35 ライト級ワンマッチ,Full Fight！ムラト・クツワvsかわかみ マウンテン・ヒーローズNo.35 ライト級ワンマッチ,NA,,official,full_fight,unlinked,,,yt-dlp channel export. duration=19:04,
youtube_aczznfws9eg,youtube,aCZznFWS9eg,https://www.youtube.com/watch?v=aCZznFWS9eg,フルファイト！ミハエル・ボタルニカvsビル・ジャガー ターゲットNo.87 ミドル級ワンマッチ,Full Fight！ミハエル・ボタルニカvsビル・ジャガー ターゲットNo.87 ミドル級ワンマッチ,NA,,official,full_fight,unlinked,,,yt-dlp channel export. duration=9:29,
youtube_qwxsvgtscqe,youtube,qwxSvGTScqE,https://www.youtube.com/watch?v=qwxSvGTScqE,フルファイト！マルコ・フレイザーvsブルーワン エンペラーNo.115 ライト級タイトルマッチ,Full Fight！マルコ・フレイザーvsブルーワン エンペラーNo.115 ライト級タイトルマッチ,NA,,official,full_fight,unlinked,,,yt-dlp channel export. duration=18:07,
youtube_v3usbpsmp_g,youtube,V3USbpsMP-g,https://www.youtube.com/watch?v=V3USbpsMP-g,フルファイト！マルコ・フレイザーvsブライン・ジャスター エンペラーNo.116 ライト級ワンマッチ,Full Fight！マルコ・フレイザーvsブライン・ジャスター エンペラーNo.116 ライト級ワンマッチ,NA,,official,full_fight,unlinked,,,yt-dlp channel export. duration=4:27,
youtube_vpw0enyucay,youtube,VPw0enyucAY,https://www.youtube.com/watch?v=VPw0enyucAY,フルファイト！マルコ・フレイザーvsパット・バミューダ エンペラーNo.117 ライト級ワンマッチ,Full Fight！マルコ・フレイザーvsパット・バミューダ エンペラーNo.117 ライト級ワンマッチ,NA,,official,full_fight,unlinked,,,yt-dlp channel export. duration=10:07,
youtube_kgszncicwxi,youtube,kgSznCiCwxI,https://www.youtube.com/watch?v=kgSznCiCwxI,フルファイト！マルコ・フレイザーvsステシエン・チェット エンペラーNo.118 ライト級ワンマッチ,Full Fight！マルコ・フレイザーvsステシエン・チェット エンペラーNo.118 ライト級ワンマッチ,NA,,official,full_fight,unlinked,,,yt-dlp channel export. duration=19:01,
youtube_xi7nktkis9a,youtube,xi7nkTkIs9A,https://www.youtube.com/watch?v=xi7nkTkIs9A,フルファイト！ポン・レイゼvsゆめろう エンペラーNo.109 ライト級ワンマッチ,Full Fight！ポン・レイゼvsゆめろう エンペラーNo.109 ライト級ワンマッチ,NA,,official,full_fight,unlinked,,,yt-dlp channel export. duration=5:41,
youtube_7su1lyzlexi,youtube,7SU1LYzlExI,https://www.youtube.com/watch?v=7SU1LYzlExI,フルファイト！ヘル・ラッサーvsテール・ジャンク マウンテンヒーローズNo.29特別試合 ミドル級タイトルマッチ,Full Fight！ヘル・ラッサーvsテール・ジャンク マウンテンヒーローズNo.29特別試合 ミドル級タイトルマッチ,NA,,official,full_fight,unlinked,,,yt-dlp channel export. duration=5:36,
youtube_yrhdgy_73de,youtube,yRhdgY_73dE,https://www.youtube.com/watch?v=yRhdgY_73dE,フルファイト！ブレード・アローvsパリド・アーディン エンペラーNo.110 ミドル級ワンマッチ,Full Fight！ブレード・アローvsパリド・アーディン エンペラーNo.110 ミドル級ワンマッチ,NA,,official,full_fight,unlinked,,,yt-dlp channel export. duration=5:54,
youtube_xyil3ugc6bq,youtube,XYIL3UGC6BQ,https://www.youtube.com/watch?v=XYIL3UGC6BQ,フルファイト！ブレード・アローvsダイス・ヴォルケード エンペラーNo.111 ミドル級ワンマッチ,Full Fight！ブレード・アローvsダイス・ヴォルケード エンペラーNo.111 ミドル級ワンマッチ,NA,,official,full_fight,unlinked,,,yt-dlp channel export. duration=4:43,
youtube_ldhxdwyhrdi,youtube,lDhxdWyhRDI,https://www.youtube.com/watch?v=lDhxdWyhRDI,フルファイト！フラーム・グランvsレーサー・ガルシア ターゲットNo.100 ライト級ワンマッチ,Full Fight！フラーム・グランvsレーサー・ガルシア  ターゲットNo.100 ライト級ワンマッチ,NA,,official,full_fight,unlinked,,,yt-dlp channel export. duration=7:19,
youtube_fmozl8mbbds,youtube,fmozl8mbbds,https://www.youtube.com/watch?v=fmozl8mbbds,フルファイト！フラーム・グランvsスマット・ターウィ ターゲットNo.93 ライト級ワンマッチ,Full Fight！フラーム・グランvsスマット・ターウィ ターゲットNo.93 ライト級ワンマッチ,NA,,official,full_fight,unlinked,,,yt-dlp channel export. duration=5:12,
youtube_pj937dfydti,youtube,pj937DFyDtI,https://www.youtube.com/watch?v=pj937DFyDtI,フルファイト！フラーム・グランvsだいな ターゲットNo.98 ライト級ワンマッチ,Full Fight！フラーム・グランvsだいな ターゲットNo.98 ライト級ワンマッチ,NA,,official,full_fight,unlinked,,,yt-dlp channel export. duration=19:29,
youtube_jwumd4nyaew,youtube,jwUMd4nYaew,https://www.youtube.com/watch?v=jwUMd4nYaew,フルファイト！フラーム・グランvsきたむら ターゲットNo.96 ライト級ワンマッチ,Full Fight！フラーム・グランvsきたむら ターゲットNo.96 ライト級ワンマッチ,NA,,official,full_fight,unlinked,,,yt-dlp channel export. duration=4:58,
youtube_dmjc2rydolm,youtube,Dmjc2RYDOlM,https://www.youtube.com/watch?v=Dmjc2RYDOlM,フルファイト！ファン・ミール・セイバーvsルージュド・スターリー　ターゲットNo.87 ミドル級タイトルマッチ,Full Fight！ファン・ミール・セイバーvsルージュド・スターリー　ターゲットNo.87 ミドル級タイトルマッチ,NA,,official,full_fight,unlinked,,,yt-dlp channel export. duration=5:07,
youtube_1ap2i0us_bu,youtube,1Ap2I0Us_bU,https://www.youtube.com/watch?v=1Ap2I0Us_bU,フルファイト！パット・バミューダvsナパーム エンペラーNo.113 ライト級ワンマッチ,Full Fight！パット・バミューダvsナパーム エンペラーNo.113 ライト級ワンマッチ,NA,,official,full_fight,unlinked,,,yt-dlp channel export. duration=9:56,
youtube_iawju8_v9bm,youtube,iAWjU8_v9BM,https://www.youtube.com/watch?v=iAWjU8_v9BM,フルファイト！パス・フィーリーvsきんとき ターゲットNo.87 ミドル級ワンマッチ,Full Fight！パス・フィーリーvsきんとき ターゲットNo.87 ミドル級ワンマッチ,NA,,official,full_fight,unlinked,,,yt-dlp channel export. duration=7:46,
youtube_3knn6p1e6uu,youtube,3Knn6P1E6uU,https://www.youtube.com/watch?v=3Knn6P1E6uU,フルファイト！バンドルフ・ガルブンタvsローリングジュニア マウンテン・ヒーローズNo.30 ライト級ワンマッチ,Full Fight！バンドルフ・ガルブンタvsローリングジュニア マウンテン・ヒーローズNo.30 ライト級ワンマッチ,NA,,official,full_fight,unlinked,,,yt-dlp channel export. duration=5:10,
youtube_ik8_4qwygxs,youtube,iK8-4Qwygxs,https://www.youtube.com/watch?v=iK8-4Qwygxs,フルファイト！バイソンデビルvsセンサー・ファッジ ターゲットNo.88 ライト級ワンマッチ,Full Fight！バイソンデビルvsセンサー・ファッジ ターゲットNo.88 ライト級ワンマッチ,NA,,official,full_fight,unlinked,,,yt-dlp channel export. duration=4:15,
youtube_h5bbdqgpdb0,youtube,H5bBdqGPdB0,https://www.youtube.com/watch?v=H5bBdqGPdB0,フルファイト！バイソンデビルvsいたみ　ターゲットNo.87 ライト級ワンマッチ,Full Fight！バイソンデビルvsいたみ　ターゲットNo.87 ライト級ワンマッチ,NA,,official,full_fight,unlinked,,,yt-dlp channel export. duration=12:49,
youtube_gvczwhozpiw,youtube,gvCZWhoZpIw,https://www.youtube.com/watch?v=gvCZWhoZpIw,フルファイト！ハリス・オルビックvsつくりはら ターゲットNo.97 ライト級ワンマッチ,Full Fight！ハリス・オルビックvsつくりはら ターゲットNo.97 ライト級ワンマッチ,NA,,official,full_fight,unlinked,,,yt-dlp channel export. duration=19:06,
youtube_zylg8y6wvq8,youtube,ZylG8Y6WVQ8,https://www.youtube.com/watch?v=ZylG8Y6WVQ8,フルファイト！ナパームvsアイス・トロン エンペラーNo.109 ライト級ワンマッチ,Full Fight！ナパームvsアイス・トロン エンペラーNo.109 ライト級ワンマッチ,NA,,official,full_fight,unlinked,,,yt-dlp channel export. duration=10:47,
youtube_o3fmy6uqse0,youtube,O3FMY6uqse0,https://www.youtube.com/watch?v=O3FMY6uqse0,フルファイト！トルー・パルドレスvsクロノ・マリーケン マウンテン・ヒーローズNo.27 ミドル級ワンマッチ,Full Fight！トルー・パルドレスvsクロノ・マリーケン マウンテン・ヒーローズNo.27 ミドル級ワンマッチ,NA,,official,full_fight,unlinked,,,yt-dlp channel export. duration=4:46,
youtube_ymvonl5nd58,youtube,YmvoNL5nd58,https://www.youtube.com/watch?v=YmvoNL5nd58,フルファイト！トルー・パルドレスvsオーシューワイルド マウンテン・ヒーローズNo.36 ミドル級ワンマッチ,Full Fight！トルー・パルドレスvsオーシューワイルド  マウンテン・ヒーローズNo.36 ミドル級ワンマッチ,NA,,official,full_fight,unlinked,,,yt-dlp channel export. duration=8:01,
youtube_bjwu94npmh8,youtube,bjWu94nPmh8,https://www.youtube.com/watch?v=bjWu94nPmh8,フルファイト！トルー・パルドレスvsらんちゃーすがや マウンテン・ヒーローズNo.30 ミドル級ワンマッチ,Full Fight！トルー・パルドレスvsらんちゃーすがや マウンテン・ヒーローズNo.30 ミドル級ワンマッチ,NA,,official,full_fight,unlinked,,,yt-dlp channel export. duration=19:11,
youtube_jw_sbyayf0g,youtube,Jw_sbyayF0g,https://www.youtube.com/watch?v=Jw_sbyayF0g,フルファイト！テール・ジャンクvsクーラー・ジョイントン マウンテン・ヒーローズNo.34 ヘビー級ワンマッチ,Full Fight！テール・ジャンクvsクーラー・ジョイントン マウンテン・ヒーローズNo.34 ヘビー級ワンマッチ,NA,,official,full_fight,unlinked,,,yt-dlp channel export. duration=8:41,
youtube_agecfmrimag,youtube,aGecFMRiMAg,https://www.youtube.com/watch?v=aGecFMRiMAg,フルファイト！チャールス・ブランディンvsさかえだ エンペラーNo.114 ミドル級ワンマッチ,Full Fight！チャールス・ブランディンvsさかえだ エンペラーNo.114 ミドル級ワンマッチ,NA,,official,full_fight,unlinked,,,yt-dlp channel export. duration=2:37,
youtube_p6jlkp0q7yg,youtube,p6jLKP0Q7Yg,https://www.youtube.com/watch?v=p6jLKP0Q7Yg,フルファイト！ダートソンvsレイ・ガシーオ２エンペラーNo.113 ミドル級ワンマッチ,Full Fight！ダートソンvsレイ・ガシーオ２エンペラーNo.113 ミドル級ワンマッチ,NA,,official,full_fight,unlinked,,,yt-dlp channel export. duration=3:54,
youtube_5zxi7yo4qzm,youtube,5Zxi7YO4QzM,https://www.youtube.com/watch?v=5Zxi7YO4QzM,フルファイト！ダートソンvsアトゥリうえはら エンペラーNo.115 ミドル級ワンマッチ,Full Fight！ダートソンvsアトゥリうえはら エンペラーNo.115 ミドル級ワンマッチ,NA,,official,full_fight,unlinked,,,yt-dlp channel export. duration=6:54,
youtube_xdyu346kpua,youtube,xDYu346kpuA,https://www.youtube.com/watch?v=xDYu346kpuA,フルファイト！ダートソンvsさかえだ エンペラーNo.109 ミドル級ワンマッチ,Full Fight！ダートソンvsさかえだ エンペラーNo.109 ミドル級ワンマッチ,NA,,official,full_fight,unlinked,,,yt-dlp channel export. duration=12:45,
youtube_mjn3naapvig,youtube,mJN3NAaPvig,https://www.youtube.com/watch?v=mJN3NAaPvig,フルファイト！ダブド・ガブリシャンvsヨルセン・バクダリア マウンテン・ヒーローズNo.29 ライト級ワンマッチ,Full Fight！ダブド・ガブリシャンvsヨルセン・バクダリア マウンテン・ヒーローズNo.29 ライト級ワンマッチ,NA,,official,full_fight,unlinked,,,yt-dlp channel export. duration=4:08,
youtube_g84wctvafzq,youtube,g84wCtvAFZQ,https://www.youtube.com/watch?v=g84wCtvAFZQ,フルファイト！ダブド・ガブリシャンvsイスカン・アステ マウンテン・ヒーローズNo.31 ライト級ワンマッチ,Full Fight！ダブド・ガブリシャンvsイスカン・アステ マウンテン・ヒーローズNo.31 ライト級ワンマッチ,NA,,official,full_fight,unlinked,,,yt-dlp channel export. duration=17:50,
youtube_ghpf2shuuo0,youtube,GhPF2sHuUo0,https://www.youtube.com/watch?v=GhPF2sHuUo0,フルファイト！ダイス・ヴォルケードvsレイ・ガシーオ エンペラーNo.109 ミドル級ワンマッチ,Full Fight！ダイス・ヴォルケードvsレイ・ガシーオ エンペラーNo.109 ミドル級ワンマッチ,NA,,official,full_fight,unlinked,,,yt-dlp channel export. duration=3:58,
youtube_u6_s5feulqm,youtube,U6-s5fEulqM,https://www.youtube.com/watch?v=U6-s5fEulqM,フルファイト！ダイス・ヴォルケードvsバルバード・ブワーズ エンペラーNo.118 ミドル級ワンマッチ,Full Fight！ダイス・ヴォルケードvsバルバード・ブワーズ  エンペラーNo.118 ミドル級ワンマッチ,NA,,official,full_fight,unlinked,,,yt-dlp channel export. duration=6:47,
youtube_s8_61fzru0,youtube,-S8_61fZRU0,https://www.youtube.com/watch?v=-S8_61fZRU0,フルファイト！ダイス・ヴォルケードvsダートソン エンペラーNo.114 ミドル級ワンマッチ,Full Fight！ダイス・ヴォルケードvsダートソン エンペラーNo.114 ミドル級ワンマッチ,NA,,official,full_fight,unlinked,,,yt-dlp channel export. duration=5:39,
youtube_rofy8v_0baq,youtube,rOfy8v-0BaQ,https://www.youtube.com/watch?v=rOfy8v-0BaQ,フルファイト！ゼットvsライン・デュオ マウンテン・ヒーローズNo.34 ミドル級ワンマッチ,Full Fight！ゼットvsライン・デュオ マウンテン・ヒーローズNo.34 ミドル級ワンマッチ,NA,,official,full_fight,unlinked,,,yt-dlp channel export. duration=19:26,
youtube_fknoghflync,youtube,FKNoGhfLync,https://www.youtube.com/watch?v=FKNoGhfLync,フルファイト！ゼットvsヘル・ラッサー マウンテン・ヒーローズNo.36 ミドル級ワンマッチ,Full Fight！ゼットvsヘル・ラッサー マウンテン・ヒーローズNo.36 ミドル級ワンマッチ,NA,,official,full_fight,unlinked,,,yt-dlp channel export. duration=19:07,
youtube_ufvwllt2pru,youtube,UFvwlLt2prU,https://www.youtube.com/watch?v=UFvwlLt2prU,フルファイト！ゼットvsクロノ・マリーケン マウンテン・ヒーローズNo.31 ミドル級ワンマッチ,Full Fight！ゼットvsクロノ・マリーケン マウンテン・ヒーローズNo.31 ミドル級ワンマッチ,NA,,official,full_fight,unlinked,,,yt-dlp channel export. duration=12:27,
youtube_cgmlpwetfzy,youtube,CGMLpwEtfZY,https://www.youtube.com/watch?v=CGMLpwEtfZY,フルファイト！ゼットvsギタミン・アーロン マウンテン・ヒーローズNo.27 ミドル級ワンマッチ,Full Fight！ゼットvsギタミン・アーロン マウンテン・ヒーローズNo.27 ミドル級ワンマッチ,NA,,official,full_fight,unlinked,,,yt-dlp channel export. duration=20:06,
youtube_jh3r2cq39gc,youtube,Jh3R2cQ39Gc,https://www.youtube.com/watch?v=Jh3R2cQ39Gc,フルファイト！センサー・ファッジvsハリス・オルビック　ターゲットNo.92 ライト級ワンマッチ,Full Fight！センサー・ファッジvsハリス・オルビック　ターゲットNo.92 ライト級ワンマッチ,NA,,official,full_fight,unlinked,,,yt-dlp channel export. duration=7:11,
youtube_wdwtmtyvh_y,youtube,WdWTMTYVh-Y,https://www.youtube.com/watch?v=WdWTMTYVh-Y,フルファイト！センサー・ファッジvsイベルト・キューミ　ターゲットNo.87 ライト級ワンマッチ,Full Fight！センサー・ファッジvsイベルト・キューミ　ターゲットNo.87 ライト級ワンマッチ,NA,,official,full_fight,unlinked,,,yt-dlp channel export. duration=3:10,
youtube_r_scebsyoxg,youtube,R_scebSYOxg,https://www.youtube.com/watch?v=R_scebSYOxg,フルファイト！ステシエン・チェットvsワンシー・オーフェル エンペラーNo.116 ライト級ワンマッチ,Full Fight！ステシエン・チェットvsワンシー・オーフェル エンペラーNo.116 ライト級ワンマッチ,NA,,official,full_fight,unlinked,,,yt-dlp channel export. duration=7:37,
youtube_5nkfum9czqg,youtube,5nKFuM9CzQg,https://www.youtube.com/watch?v=5nKFuM9CzQg,フルファイト！ステシエン・チェットvsゆめろう エンペラーNo.113 ライト級ワンマッチ,Full Fight！ステシエン・チェットvsゆめろう エンペラーNo.113 ライト級ワンマッチ,NA,,official,full_fight,unlinked,,,yt-dlp channel export. duration=5:15,
youtube_atvp_2lwnno,youtube,atvp_2lWnno,https://www.youtube.com/watch?v=atvp_2lWnno,フルファイト！ジョン・バレーvsローリングジュニア マウンテン・ヒーローズNo.31 ライト級ワンマッチ,Full Fight！ジョン・バレーvsローリングジュニア マウンテン・ヒーローズNo.31 ライト級ワンマッチ,NA,,official,full_fight,unlinked,,,yt-dlp channel export. duration=4:43,
youtube_1tjfo_ln_zy,youtube,1tjFo_lN-ZY,https://www.youtube.com/watch?v=1tjFo_lN-ZY,フルファイト！シャパール・アミアvsロコール・アラニン エンペラーNo.110 ミドル級ワンマッチ,Full Fight！シャパール・アミアvsロコール・アラニン エンペラーNo.110 ミドル級ワンマッチ,NA,,official,full_fight,unlinked,,,yt-dlp channel export. duration=5:34,
youtube_gmfpy9x6hec,youtube,gMFpY9X6hEc,https://www.youtube.com/watch?v=gMFpY9X6hEc,フルファイト！シガー・ユーナイムvsファン・ミール・セイバー ターゲットNo.90 ミドル級ワンマッチ,Full Fight！シガー・ユーナイムvsファン・ミール・セイバー  ターゲットNo.90 ミドル級ワンマッチ,NA,,official,full_fight,unlinked,,,yt-dlp channel export. duration=4:43,
youtube_c9dw76himya,youtube,C9Dw76himYA,https://www.youtube.com/watch?v=C9Dw76himYA,フルファイト！シガー・ユーナイムvsビルジャガー　ターゲットNo.92 ミドル級ワンマッチジャガーvsシガー,Full Fight！シガー・ユーナイムvsビルジャガー　ターゲットNo.92 ミドル級ワンマッチジャガーvsシガー,NA,,official,full_fight,unlinked,,,yt-dlp channel export. duration=15:45,
youtube_wuxl5lwpr_s,youtube,WUXl5LWpR-s,https://www.youtube.com/watch?v=WUXl5LWpR-s,フルファイト！シガー・ユーナイムvsおとさわ　ターゲットNo.89 ミドル級ワンマッチ,Full Fight！シガー・ユーナイムvsおとさわ　ターゲットNo.89 ミドル級ワンマッチ,NA,,official,full_fight,unlinked,,,yt-dlp channel export. duration=13:21,
youtube_tau8z1fn26s,youtube,TAu8Z1Fn26s,https://www.youtube.com/watch?v=TAu8Z1Fn26s,フルファイト！シェーン・ロブソンvsラドフ マウンテン・ヒーローズNo.36 ミドル級ワンマッチ,Full Fight！シェーン・ロブソンvsラドフ マウンテン・ヒーローズNo.36 ミドル級ワンマッチ,NA,,official,full_fight,unlinked,,,yt-dlp channel export. duration=5:01,
youtube_ewcidvvtuxu,youtube,EWCiDvVTuXU,https://www.youtube.com/watch?v=EWCiDvVTuXU,フルファイト！サム・ラッシュvsザモン ターゲットNo.100 ミドル級ワンマッチ,Full Fight！サム・ラッシュvsザモン ターゲットNo.100 ミドル級ワンマッチ,NA,,official,full_fight,unlinked,,,yt-dlp channel export. duration=6:27,
youtube_xogycqouw_e,youtube,XoGyCQOUw_E,https://www.youtube.com/watch?v=XoGyCQOUw_E,フルファイト！コルト・アプローvsマルコ・フレイザー エンペラーNo.112 ライト級タイトルマッチ,Full Fight！コルト・アプローvsマルコ・フレイザー  エンペラーNo.112 ライト級タイトルマッチ,NA,,official,full_fight,unlinked,,,yt-dlp channel export. duration=20:00,
youtube_kk2aas86c94,youtube,Kk2Aas86c94,https://www.youtube.com/watch?v=Kk2Aas86c94,フルファイト！コルト・アプローvsブルーワン エンペラーNo.113 ライト級ワンマッチ,Full Fight！コルト・アプローvsブルーワン エンペラーNo.113 ライト級ワンマッチ,NA,,official,full_fight,unlinked,,,yt-dlp channel export. duration=5:45,
youtube_f1d9nd7knz4,youtube,F1d9ND7KnZ4,https://www.youtube.com/watch?v=F1d9ND7KnZ4,フルファイト！コルト・アプローvsパット・バミューダ エンペラーNo.115 ライト級ワンマッチ,Full Fight！コルト・アプローvsパット・バミューダ エンペラーNo.115 ライト級ワンマッチ,NA,,official,full_fight,unlinked,,,yt-dlp channel export. duration=6:13,
youtube_yfqxrut1c7m,youtube,yfqXrUT1c7M,https://www.youtube.com/watch?v=yfqXrUT1c7M,フルファイト！コルト・アプローvsゆめろう エンペラーNo.117 ライト級ワンマッチ,Full Fight！コルト・アプローvsゆめろう エンペラーNo.117 ライト級ワンマッチ,NA,,official,full_fight,unlinked,,,yt-dlp channel export. duration=12:34,
youtube_ibmvbvxf1h8,youtube,ibmvBvxf1h8,https://www.youtube.com/watch?v=ibmvBvxf1h8,フルファイト！クロノ・マリーケンvsらんちゃーすがや マウンテン・ヒーローズNo.33 ミドル級ワンマッチ,Full Fight！クロノ・マリーケンvsらんちゃーすがや マウンテン・ヒーローズNo.33 ミドル級ワンマッチ,NA,,official,full_fight,unlinked,,,yt-dlp channel export. duration=12:32,
youtube_itua47cphqs,youtube,itua47CPHQs,https://www.youtube.com/watch?v=itua47CPHQs,フルファイト！クロノ・マリーケンvsおおわださーべる マウンテン・ヒーローズNo.35 ミドル級ワンマッチ,Full Fight！クロノ・マリーケンvsおおわださーべる マウンテン・ヒーローズNo.35 ミドル級ワンマッチ,NA,,official,full_fight,unlinked,,,yt-dlp channel export. duration=5:52,
youtube_g4yds9beona,youtube,G4ydS9BeONA,https://www.youtube.com/watch?v=G4ydS9BeONA,フルファイト！クレイエル・アビソカvsステシエン・チェット エンペラーNo.114 ライト級ワンマッチ,Full Fight！クレイエル・アビソカvsステシエン・チェット エンペラーNo.114 ライト級ワンマッチ,NA,,official,full_fight,unlinked,,,yt-dlp channel export. duration=17:04,
youtube_f_lgazqr_k,youtube,-f_LGAzQr_k,https://www.youtube.com/watch?v=-f_LGAzQr_k,フルファイト！クレイエル・アビソカvsさくらい　エンペラーNo.113 ライト級ワンマッチ,Full Fight！クレイエル・アビソカvsさくらい　エンペラーNo.113 ライト級ワンマッチ,NA,,official,full_fight,unlinked,,,yt-dlp channel export. duration=4:47,
youtube_v8kurvjahza,youtube,v8KuRvJahzA,https://www.youtube.com/watch?v=v8KuRvJahzA,フルファイト！キマイラvsムラト・クツワ マウンテン・ヒーローズNo.33 ライト級ワンマッチ,Full Fight！キマイラvsムラト・クツワ マウンテン・ヒーローズNo.33 ライト級ワンマッチ,NA,,official,full_fight,unlinked,,,yt-dlp channel export. duration=5:39,
youtube_3o11cg8ggo,youtube,_3O11CG8ggo,https://www.youtube.com/watch?v=_3O11CG8ggo,フルファイト！キマイラvsバンドルフ・ガルブンタ　 マウンテン・ヒーローズNo.32 ライト級ワンマッチ,Full Fight！キマイラvsバンドルフ・ガルブンタ　 マウンテン・ヒーローズNo.32 ライト級ワンマッチ,NA,,official,full_fight,unlinked,,,yt-dlp channel export. duration=11:37,
youtube_8coks1pwkrk,youtube,8cOKs1pwKRk,https://www.youtube.com/watch?v=8cOKs1pwKRk,フルファイト！キマイラvsダブド・ガブリシャン マウンテン・ヒーローズNo.34 ライト級ワンマッチ,Full Fight！キマイラvsダブド・ガブリシャン マウンテン・ヒーローズNo.34 ライト級ワンマッチ,NA,,official,full_fight,unlinked,,,yt-dlp channel export. duration=5:49,
youtube_dvqutefmjs,youtube,_dVQuTeFMJs,https://www.youtube.com/watch?v=_dVQuTeFMJs,フルファイト！キマイラvsイスカン・アステ マウンテン・ヒーローズNo.30 ライト級ワンマッチ,Full Fight！キマイラvsイスカン・アステ マウンテン・ヒーローズNo.30 ライト級ワンマッチ,NA,,official,full_fight,unlinked,,,yt-dlp channel export. duration=4:29,
youtube_o5bpc2m2id8,youtube,o5BPc2M2id8,https://www.youtube.com/watch?v=o5BPc2M2id8,フルファイト！オーシューデーモンvsらんちゃーすがや マウンテン・ヒーローズNo.27 ミドル級ワンマッチ,Full Fight！オーシューデーモンvsらんちゃーすがや マウンテン・ヒーローズNo.27 ミドル級ワンマッチ,NA,,official,full_fight,unlinked,,,yt-dlp channel export. duration=6:28,
youtube_dscftjpgwme,youtube,DSCFtjpGwME,https://www.youtube.com/watch?v=DSCFtjpGwME,フルファイト！エメラルド・バンキーvsろっこう ターゲットNo.95 ライト級ワンマッチ,Full Fight！エメラルド・バンキーvsろっこう ターゲットNo.95 ライト級ワンマッチ,NA,,official,full_fight,unlinked,,,yt-dlp channel export. duration=5:23,
youtube_pkhb34uskzs,youtube,pkhB34uskZs,https://www.youtube.com/watch?v=pkhB34uskZs,フルファイト！エメラルド・バンキーvsつおし ターゲットNo.99 ライト級ワンマッチ,Full Fight！エメラルド・バンキーvsつおし ターゲットNo.99 ライト級ワンマッチ,NA,,official,full_fight,unlinked,,,yt-dlp channel export. duration=4:58,
youtube_ijoc_e8tcys,youtube,iJoC_e8Tcys,https://www.youtube.com/watch?v=iJoC_e8Tcys,フルファイト！イベルト・キューミvsフラーム・グラン ターゲットNo.97 ライト級ワンマッチ,Full Fight！イベルト・キューミvsフラーム・グラン ターゲットNo.97 ライト級ワンマッチ,NA,,official,full_fight,unlinked,,,yt-dlp channel export. duration=14:06,
youtube_xt6yezyi6ps,youtube,xt6yeZyI6Ps,https://www.youtube.com/watch?v=xt6yeZyI6Ps,フルファイト！イスカン・アステvsヨルセン・バクダリア マウンテン・ヒーローズNo.32 ライト級ワンマッチ,Full Fight！イスカン・アステvsヨルセン・バクダリア  マウンテン・ヒーローズNo.32 ライト級ワンマッチ,NA,,official,full_fight,unlinked,,,yt-dlp channel export. duration=5:24,
youtube_duxbnuo7fzm,youtube,Duxbnuo7fZM,https://www.youtube.com/watch?v=Duxbnuo7fZM,フルファイト！イスカン・アステvsビクトル・ナッカー マウンテン・ヒーローズNo.29 ライト級ワンマッチ,Full Fight！イスカン・アステvsビクトル・ナッカー マウンテン・ヒーローズNo.29 ライト級ワンマッチ,NA,,official,full_fight,unlinked,,,yt-dlp channel export. duration=6:20,
youtube_o4qbvrk6qle,youtube,O4QbvRk6qLE,https://www.youtube.com/watch?v=O4QbvRk6qLE,フルファイト！イスカン・アステvsジョン・バレー マウンテン・ヒーローズNo.34 ライト級ワンマッチ,Full Fight！イスカン・アステvsジョン・バレー マウンテン・ヒーローズNo.34 ライト級ワンマッチ,NA,,official,full_fight,unlinked,,,yt-dlp channel export. duration=3:40,
youtube_fwvxk4micnm,youtube,FWVxK4MiCNM,https://www.youtube.com/watch?v=FWVxK4MiCNM,フルファイト！アリベル・アリベラvsかべい　ターゲットNo.89 ミドル級ワンマッチ,Full Fight！アリベル・アリベラvsかべい　ターゲットNo.89 ミドル級ワンマッチ,NA,,official,full_fight,unlinked,,,yt-dlp channel export. duration=5:36,
youtube_granro4uj_4,youtube,GrAnro4uJ_4,https://www.youtube.com/watch?v=GrAnro4uJ_4,フルファイト！アリベル・アリベラvsおとさわ　ターゲットNo.92 ミドル級ワンマッチ（煽り有り）,Full Fight！アリベル・アリベラvsおとさわ　ターゲットNo.92 ミドル級ワンマッチ（煽り有り）,NA,,official,full_fight,unlinked,,,yt-dlp channel export. duration=6:57,
youtube_usushxozov0,youtube,USuSHXozOV0,https://www.youtube.com/watch?v=USuSHXozOV0,フルファイト！アリベル・アリベラvsおとさわ　ターゲットNo.87 ミドル級ワンマッチ,Full Fight！アリベル・アリベラvsおとさわ　ターゲットNo.87 ミドル級ワンマッチ,NA,,official,full_fight,unlinked,,,yt-dlp channel export. duration=3:24,
youtube_dfo_4pwonie,youtube,dfo-4PWONIE,https://www.youtube.com/watch?v=dfo-4PWONIE,フルファイト！アトゥリうえはらvsさかえだ エンペラーNo.110 ミドル級ワンマッチ,Full Fight！アトゥリうえはらvsさかえだ エンペラーNo.110 ミドル級ワンマッチ,NA,,official,full_fight,unlinked,,,yt-dlp channel export. duration=18:12,
youtube_voviksvmlrk,youtube,vovIkSVMlRk,https://www.youtube.com/watch?v=vovIkSVMlRk,フルファイト！アイス・トロンvsランダーデビル　マウンテン・ヒーローズNo.32 ライト級ワンマッチ,Full Fight！アイス・トロンvsランダーデビル　マウンテン・ヒーローズNo.32 ライト級ワンマッチ,NA,,official,full_fight,unlinked,,,yt-dlp channel export. duration=20:00,
youtube_ylkt9wt9zwk,youtube,YLKt9WT9ZWk,https://www.youtube.com/watch?v=YLKt9WT9ZWk,フルファイト！アイス・トロンvsストライン・カーン マウンテン・ヒーローズNo.28 ライト級ワンマッチ【ストライン・カーン引退試合】,Full Fight！アイス・トロンvsストライン・カーン マウンテン・ヒーローズNo.28 ライト級ワンマッチ【ストライン・カーン引退試合】,NA,,official,full_fight,unlinked,,,yt-dlp channel export. duration=9:39,
youtube_umme48uzwwk,youtube,umME48uzwWk,https://www.youtube.com/watch?v=umME48uzwWk,フルファイト！わくvsフラーム・グラン ターゲットNo.87 ライト級タイトルマッチ,Full Fight！わくvsフラーム・グラン ターゲットNo.87 ライト級タイトルマッチ,NA,,official,full_fight,unlinked,,,yt-dlp channel export. duration=23:35,
youtube_fojc5uhptkc,youtube,FOJc5uHPtKc,https://www.youtube.com/watch?v=FOJc5uHPtKc,フルファイト！わくvsバイソンデビル ターゲットNo.99 ライト級ワンマッチ,Full Fight！わくvsバイソンデビル ターゲットNo.99 ライト級ワンマッチ,NA,,official,full_fight,unlinked,,,yt-dlp channel export. duration=5:44,
youtube_hkiilcnumae,youtube,HKiILcNUmAE,https://www.youtube.com/watch?v=HKiILcNUmAE,フルファイト！わくvsアミュー・エンド・ビラー ターゲットNo.97 ライト級ワンマッチ,Full Fight！わくvsアミュー・エンド・ビラー ターゲットNo.97 ライト級ワンマッチ,NA,,official,full_fight,unlinked,,,yt-dlp channel export. duration=8:00,
youtube_trhpbjg3e9i,youtube,tRhpbJG3E9I,https://www.youtube.com/watch?v=tRhpbJG3E9I,フルファイト！わくvsつくりはら ターゲットNo.100 ライト級タイトルマッチ,Full Fight！わくvsつくりはら ターゲットNo.100 ライト級タイトルマッチ,NA,,official,full_fight,unlinked,,,yt-dlp channel export. duration=21:03,
youtube_xchkwjueaku,youtube,XChkWjuEakU,https://www.youtube.com/watch?v=XChkWjuEakU,フルファイト！わくvsきたむら ターゲットNo.93 ライト級タイトルマッチ,Full Fight！わくvsきたむら ターゲットNo.93 ライト級タイトルマッチ,NA,,official,full_fight,unlinked,,,yt-dlp channel export. duration=5:02,
youtube_mns910ezhl0,youtube,mns910eZHL0,https://www.youtube.com/watch?v=mns910eZHL0,フルファイト！ろっこうvsスペイラ　ターゲットNo.92 ライト級ワンマッチ,Full Fight！ろっこうvsスペイラ　ターゲットNo.92 ライト級ワンマッチ,NA,,official,full_fight,unlinked,,,yt-dlp channel export. duration=11:28,
youtube_qx9qzizzru8,youtube,qx9QZiZzRu8,https://www.youtube.com/watch?v=qx9QZiZzRu8,フルファイト！らんちゃーすがやvsあかそ マウンテン・ヒーローズNo.35 ミドル級ワンマッチ,Full Fight！らんちゃーすがやvsあかそ マウンテン・ヒーローズNo.35 ミドル級ワンマッチ,NA,,official,full_fight,unlinked,,,yt-dlp channel export. duration=8:54,
youtube_cx_ge_lrruq,youtube,cX-GE_lRrUQ,https://www.youtube.com/watch?v=cX-GE_lRrUQ,フルファイト！ゆめろうvsクレイエル・アビソカ エンペラーNo.115 ライト級ワンマッチ,Full Fight！ゆめろうvsクレイエル・アビソカ エンペラーNo.115 ライト級ワンマッチ,NA,,official,full_fight,unlinked,,,yt-dlp channel export. duration=5:10,
youtube_jvdwhu96dwe,youtube,jVDwHu96dwE,https://www.youtube.com/watch?v=jVDwHu96dwE,フルファイト！ゆめろうvsさくらい エンペラーNo.114 ライト級ワンマッチ,Full Fight！ゆめろうvsさくらい エンペラーNo.114 ライト級ワンマッチ,NA,,official,full_fight,unlinked,,,yt-dlp channel export. duration=7:27,
youtube_asrr1witayq,youtube,Asrr1wItAyQ,https://www.youtube.com/watch?v=Asrr1wItAyQ,フルファイト！つくりはらvsきょうない ターゲットNo.95 ライト級ワンマッチ,Full Fight！つくりはらvsきょうない ターゲットNo.95 ライト級ワンマッチ,NA,,official,full_fight,unlinked,,,yt-dlp channel export. duration=5:13,
youtube_prnriq9ymo8,youtube,Prnriq9YMo8,https://www.youtube.com/watch?v=Prnriq9YMo8,フルファイト！つおしvsつくりはら ターゲットNo.94 ライト級ワンマッチ,Full Fight！つおしvsつくりはら ターゲットNo.94 ライト級ワンマッチ,NA,,official,full_fight,unlinked,,,yt-dlp channel export. duration=4:26,
youtube_a0e5s_8l7bk,youtube,A0E5s_8l7Bk,https://www.youtube.com/watch?v=A0E5s_8l7Bk,フルファイト！だいなvsエメラルド・バンキー ターゲットNo.97 ライト級ワンマッチ,Full Fight！だいなvsエメラルド・バンキー ターゲットNo.97 ライト級ワンマッチ,NA,,official,full_fight,unlinked,,,yt-dlp channel export. duration=5:12,
youtube_guswydfnwly,youtube,guSWYDfnwlY,https://www.youtube.com/watch?v=guSWYDfnwlY,フルファイト！だいなvsイベルト・キューミ ターゲットNo.89 ライト級ワンマッチ,Full Fight！だいなvsイベルト・キューミ ターゲットNo.89 ライト級ワンマッチ,NA,,official,full_fight,unlinked,,,yt-dlp channel export. duration=6:28,
youtube_rpyhrtbmqqg,youtube,RpyHRtbmqqg,https://www.youtube.com/watch?v=RpyHRtbmqqg,フルファイト！だいなvsつおし ターゲットNo.96 ライト級ワンマッチ,Full Fight！だいなvsつおし ターゲットNo.96 ライト級ワンマッチ,NA,,official,full_fight,unlinked,,,yt-dlp channel export. duration=5:10,
youtube_rbzqpxsucyo,youtube,rbzqPxSucYo,https://www.youtube.com/watch?v=rbzqPxSucYo,フルファイト！だいなvsかぶと ターゲットNo.88 ライト級ワンマッチ,Full Fight！だいなvsかぶと ターゲットNo.88 ライト級ワンマッチ,NA,,official,full_fight,unlinked,,,yt-dlp channel export. duration=4:40,
youtube_cbwe6lcqxea,youtube,CBWe6LCQXEA,https://www.youtube.com/watch?v=CBWe6LCQXEA,フルファイト！さんごくvsレオナルド・フォードバック マウンテン・ヒーローズNo.32 ライト級ワンマッチ,Full Fight！さんごくvsレオナルド・フォードバック マウンテン・ヒーローズNo.32 ライト級ワンマッチ,NA,,official,full_fight,unlinked,,,yt-dlp channel export. duration=3:58,
youtube_i3q_xcgnqu0,youtube,i3q_xcgNqu0,https://www.youtube.com/watch?v=i3q_xcgNqu0,フルファイト！さんごくvsキマイラ マウンテン・ヒーローズNo.36 ライト級ワンマッチ,Full Fight！さんごくvsキマイラ マウンテン・ヒーローズNo.36 ライト級ワンマッチ,NA,,official,full_fight,unlinked,,,yt-dlp channel export. duration=7:34,
youtube_3y5_aacio9u,youtube,3y5_aACiO9U,https://www.youtube.com/watch?v=3y5_aACiO9U,フルファイト！さんごくvsくわしお マウンテン・ヒーローズNo.29 ライト級ワンマッチ,Full Fight！さんごくvsくわしお マウンテン・ヒーローズNo.29 ライト級ワンマッチ,NA,,official,full_fight,unlinked,,,yt-dlp channel export. duration=12:25,
youtube_1xiijizqf6k,youtube,1XiijiZqf6k,https://www.youtube.com/watch?v=1XiijiZqf6k,フルファイト！さくらいvsステシエン・チェット エンペラーNo.115 ライト級ワンマッチ,Full Fight！さくらいvsステシエン・チェット エンペラーNo.115 ライト級ワンマッチ,NA,,official,full_fight,unlinked,,,yt-dlp channel export. duration=5:04,
youtube_gfmu865mz7a,youtube,gFmU865MZ7A,https://www.youtube.com/watch?v=gFmU865MZ7A,フルファイト！さかえだvsダイス・ヴォルケード エンペラーNo.116 ミドル級ワンマッチ,Full Fight！さかえだvsダイス・ヴォルケード エンペラーNo.116 ミドル級ワンマッチ,NA,,official,full_fight,unlinked,,,yt-dlp channel export. duration=18:35,
youtube_puek0yf2jrm,youtube,PuEk0YF2JRM,https://www.youtube.com/watch?v=PuEk0YF2JRM,フルファイト！さかえだvsガネルソン・シャル・ワー エンペラーNo.118 ミドル級ワンマッチ,Full Fight！さかえだvsガネルソン・シャル・ワー エンペラーNo.118 ミドル級ワンマッチ,NA,,official,full_fight,unlinked,,,yt-dlp channel export. duration=4:43,
youtube_qfluks4xe_a,youtube,qflUks4xE_A,https://www.youtube.com/watch?v=qflUks4xE_A,フルファイト！くわしおvsビクトル・ナッカー マウンテン・ヒーローズNo.31 ライト級ワンマッチ,Full Fight！くわしおvsビクトル・ナッカー マウンテン・ヒーローズNo.31 ライト級ワンマッチ,NA,,official,full_fight,unlinked,,,yt-dlp channel export. duration=7:13,
youtube_vtcukxw1mhq,youtube,vtcukxW1mHQ,https://www.youtube.com/watch?v=vtcukxW1mHQ,フルファイト！くわしおvsバン・ベルソーザ マウンテン・ヒーローズNo.32 ライト級ワンマッチ,Full Fight！くわしおvsバン・ベルソーザ マウンテン・ヒーローズNo.32 ライト級ワンマッチ,NA,,official,full_fight,unlinked,,,yt-dlp channel export. duration=17:33,
youtube_b4zgeurnq5m,youtube,B4zGEurnQ5M,https://www.youtube.com/watch?v=B4zGEurnQ5M,フルファイト！きんときvsサム・ラッシュ ターゲットNo.94 ミドル級ワンマッチ,Full Fight！きんときvsサム・ラッシュ  ターゲットNo.94 ミドル級ワンマッチ,NA,,official,full_fight,unlinked,,,yt-dlp channel export. duration=4:56,
youtube_axwmuo68z5s,youtube,aXwmUo68z5s,https://www.youtube.com/watch?v=aXwmUo68z5s,フルファイト！きんときvsおとさわ ターゲットNo.90 ミドル級ワンマッチ,Full Fight！きんときvsおとさわ ターゲットNo.90 ミドル級ワンマッチ,NA,,official,full_fight,unlinked,,,yt-dlp channel export. duration=6:39,
youtube_zlcjdyc17x4,youtube,zlcjDyC17X4,https://www.youtube.com/watch?v=zlcjDyC17X4,フルファイト！きょうないvsレーサー・ガルシア ターゲットNo.99 ライト級ワンマッチ,Full Fight！きょうないvsレーサー・ガルシア ターゲットNo.99 ライト級ワンマッチ,NA,,official,full_fight,unlinked,,,yt-dlp channel export. duration=6:29,
youtube_uac5dnojzno,youtube,UAC5dnoJZNo,https://www.youtube.com/watch?v=UAC5dnoJZNo,フルファイト！きょうないvsろっこう ターゲットNo.94 ライト級ワンマッチ,Full Fight！きょうないvsろっこう ターゲットNo.94 ライト級ワンマッチ,NA,,official,full_fight,unlinked,,,yt-dlp channel export. duration=11:34,
youtube_zeunufd2xjc,youtube,ZEUnUFd2xjc,https://www.youtube.com/watch?v=ZEUnUFd2xjc,フルファイト！きょうないvsつおし ターゲットNo.93 ライト級ワンマッチ,Full Fight！きょうないvsつおし ターゲットNo.93 ライト級ワンマッチ,NA,,official,full_fight,unlinked,,,yt-dlp channel export. duration=20:02,
youtube_dcfiqm3hguy,youtube,dcfiQm3HGuY,https://www.youtube.com/watch?v=dcfiQm3HGuY,フルファイト！きょうないvsかつらぎ ターゲットNo.97 ライト級ワンマッチ,Full Fight！きょうないvsかつらぎ ターゲットNo.97 ライト級ワンマッチ,NA,,official,full_fight,unlinked,,,yt-dlp channel export. duration=6:07,
youtube_d5p6vt8yd6e,youtube,d5P6vT8yD6E,https://www.youtube.com/watch?v=d5P6vT8yD6E,フルファイト！きたむらvsワインセル ターゲットNo.91 ライト級ワンマッチ,Full Fight！きたむらvsワインセル ターゲットNo.91 ライト級ワンマッチ,NA,,official,full_fight,unlinked,,,yt-dlp channel export. duration=8:35,
youtube_mnuuhlkn1lm,youtube,mnuuHLKN1LM,https://www.youtube.com/watch?v=mnuuHLKN1LM,フルファイト！きたむらvsフラーム・グラン　ターゲットNo.87 ライト級タイトルマッチ,Full Fight！きたむらvsフラーム・グラン　ターゲットNo.87 ライト級タイトルマッチ,NA,,official,full_fight,unlinked,,,yt-dlp channel export. duration=18:10,
youtube_lezep1guura,youtube,lEzEp1GuUrA,https://www.youtube.com/watch?v=lEzEp1GuUrA,フルファイト！きたむらvsつおし ターゲットNo.100 ライト級ワンマッチ,Full Fight！きたむらvsつおし ターゲットNo.100 ライト級ワンマッチ,NA,,official,full_fight,unlinked,,,yt-dlp channel export. duration=10:39,
youtube_k74fho1c9oa,youtube,K74fHO1C9oA,https://www.youtube.com/watch?v=K74fHO1C9oA,フルファイト！きたむらvsだいな ターゲットNo.94ライト級ワンマッチ,Full Fight！きたむらvsだいな ターゲットNo.94ライト級ワンマッチ,NA,,official,full_fight,unlinked,,,yt-dlp channel export. duration=5:35,
youtube_xv2i76qlrti,youtube,xv2i76qLRTI,https://www.youtube.com/watch?v=xv2i76qLRTI,フルファイト！かわかみvsローリングジュニア マウンテン・ヒーローズNo.29 ライト級ワンマッチ,Full Fight！かわかみvsローリングジュニア マウンテン・ヒーローズNo.29 ライト級ワンマッチ,NA,,official,full_fight,unlinked,,,yt-dlp channel export. duration=4:33,
youtube_gapmkahkaca,youtube,gaPMKaHkaCA,https://www.youtube.com/watch?v=gaPMKaHkaCA,フルファイト！かわかみvsヨルセン・バクダリア マウンテン・ヒーローズNo.31 ライト級ワンマッチ,Full Fight！かわかみvsヨルセン・バクダリア マウンテン・ヒーローズNo.31 ライト級ワンマッチ,NA,,official,full_fight,unlinked,,,yt-dlp channel export. duration=19:14,
youtube_k73xvvbyvdq,youtube,k73xVVbyVdQ,https://www.youtube.com/watch?v=k73xVVbyVdQ,フルファイト！かわかみvsキマイラ マウンテン・ヒーローズNo.28 ライト級ワンマッチ,Full Fight！かわかみvsキマイラ マウンテン・ヒーローズNo.28 ライト級ワンマッチ,NA,,official,full_fight,unlinked,,,yt-dlp channel export. duration=5:56,
youtube_szu3dddzt7i,youtube,SzU3dDDZt7I,https://www.youtube.com/watch?v=SzU3dDDZt7I,フルファイト！かべいvsシガー・ユーナイム ターゲットNo.95 ミドル級ワンマッチ,Full Fight！かべいvsシガー・ユーナイム ターゲットNo.95 ミドル級ワンマッチ,NA,,official,full_fight,unlinked,,,yt-dlp channel export. duration=5:36,
youtube_cfrmhlwri38,youtube,CfRMhLwrI38,https://www.youtube.com/watch?v=CfRMhLwrI38,フルファイト！かべいvsギタミン・アーロン ターゲットNo.100 ミドル級タイトルマッチ,Full Fight！かべいvsギタミン・アーロン ターゲットNo.100 ミドル級タイトルマッチ,NA,,official,full_fight,unlinked,,,yt-dlp channel export. duration=20:58,
youtube_pdnwpfzix_s,youtube,PDnWpfZiX_s,https://www.youtube.com/watch?v=PDnWpfZiX_s,フルファイト！かべいvsかぜの ターゲットNo.93 ミドル級ワンマッチ,Full Fight！かべいvsかぜの ターゲットNo.93 ミドル級ワンマッチ,NA,,official,full_fight,unlinked,,,yt-dlp channel export. duration=4:22,
youtube_ylxlp33n0ga,youtube,Ylxlp33N0GA,https://www.youtube.com/watch?v=Ylxlp33N0GA,フルファイト！かぶとvsつくりはら ターゲットNo.93 ライト級ワンマッチ,Full Fight！かぶとvsつくりはら ターゲットNo.93 ライト級ワンマッチ,NA,,official,full_fight,unlinked,,,yt-dlp channel export. duration=4:20,
youtube_jo26n2x7374,youtube,jO26N2x7374,https://www.youtube.com/watch?v=jO26N2x7374,フルファイト！かつらぎvsレーサー・ガルシア ターゲットNo.94 ライト級ワンマッチ,Full Fight！かつらぎvsレーサー・ガルシア  ターゲットNo.94 ライト級ワンマッチ,NA,,official,full_fight,unlinked,,,yt-dlp channel export. duration=5:39,
youtube_bvdghnzn_b0,youtube,BvdGHNzn_B0,https://www.youtube.com/watch?v=BvdGHNzn_B0,フルファイト！おとさわvsミハエル・ボタルニカ ターゲットNo.95 ミドル級ワンマッチ,Full Fight！おとさわvsミハエル・ボタルニカ ターゲットNo.95 ミドル級ワンマッチ,NA,,official,full_fight,unlinked,,,yt-dlp channel export. duration=19:30,
youtube_eecspfndgri,youtube,EECSpFNDgRI,https://www.youtube.com/watch?v=EECSpFNDgRI,フルファイト！おとさわvsザモン ターゲットNo.98 ミドル級ワンマッチ,Full Fight！おとさわvsザモン ターゲットNo.98 ミドル級ワンマッチ,NA,,official,full_fight,unlinked,,,yt-dlp channel export. duration=7:50,
youtube_5zbvriy_62w,youtube,5zBvriy_62w,https://www.youtube.com/watch?v=5zBvriy_62w,フルファイト！おとさわvsかべい ターゲットNo.87 ターゲットミドル級王座決定戦,Full Fight！おとさわvsかべい ターゲットNo.87  ターゲットミドル級王座決定戦,NA,,official,full_fight,unlinked,,,yt-dlp channel export. duration=14:35,
youtube_1gjvqnjwjo4,youtube,1GjvqNJwjo4,https://www.youtube.com/watch?v=1GjvqNJwjo4,フルファイト！【煽り付き】エリートスピリッツミドル級GP準決勝Ｂブロック　エス・ガリオンvsジャニマード・トスパチ,Full Fight！【煽り付き】エリートスピリッツミドル級GP準決勝Ｂブロック　エス・ガリオンvsジャニマード・トスパチ,NA,,official,full_fight,unlinked,,,yt-dlp channel export. duration=10:03,
youtube_mtwfjz88t8q,youtube,MTWFJz88t8Q,https://www.youtube.com/watch?v=MTWFJz88t8Q,フルファイト！【煽り付き】エリートスピリッツミドル級GP準決勝Aブロック　オーロラデビルvsぱいそんはやし,Full Fight！【煽り付き】エリートスピリッツミドル級GP準決勝Aブロック　オーロラデビルvsぱいそんはやし,NA,,official,full_fight,unlinked,,,yt-dlp channel export. duration=10:03,
youtube_youvqzjbhty,youtube,YOUvqZjbhTY,https://www.youtube.com/watch?v=YOUvqZjbhTY,フルファイト！【煽り付き】エリートスピリッツミドル級GP決勝Ｂ　オーロラデビルvsエス・ガリオン,Full Fight！【煽り付き】エリートスピリッツミドル級GP決勝Ｂ　オーロラデビルvsエス・ガリオン,NA,,official,full_fight,unlinked,,,yt-dlp channel export. duration=14:58,
youtube_0f7ci7mo380,youtube,0f7cI7MO380,https://www.youtube.com/watch?v=0f7cI7MO380,フルファイト！【煽り付き】エリートスピリッツミドル級GP一回戦Bブロック　ジャニマード・トスパチvsこだま,Full Fight！【煽り付き】エリートスピリッツミドル級GP一回戦Bブロック　ジャニマード・トスパチvsこだま,NA,,official,full_fight,unlinked,,,yt-dlp channel export. duration=14:15,
youtube_ivzr3cr_yka,youtube,iVzR3Cr-YkA,https://www.youtube.com/watch?v=iVzR3Cr-YkA,フルファイト！【煽り付き】エリートスピリッツミドル級GP一回戦Bブロック　ぱいそんはやしvsアンディ・ザメス,Full Fight！【煽り付き】エリートスピリッツミドル級GP一回戦Bブロック　ぱいそんはやしvsアンディ・ザメス,NA,,official,full_fight,unlinked,,,yt-dlp channel export. duration=9:27,
youtube_n20_g5cynje,youtube,n20_G5cynJE,https://www.youtube.com/watch?v=n20_G5cynJE,フルファイト！【煽り付き】エリートスピリッツミドル級GP一回戦Bブロック　ぎんのすけvsオーロラデビル,Full Fight！【煽り付き】エリートスピリッツミドル級GP一回戦Bブロック　ぎんのすけvsオーロラデビル,NA,,official,full_fight,unlinked,,,yt-dlp channel export. duration=5:59,
youtube_tg_jild1vk0,youtube,TG-JILd1vK0,https://www.youtube.com/watch?v=TG-JILd1vK0,フルファイト！【煽り付き】エリートスピリッツミドル級GP一回戦Bブロック　かぜのvsエス・ガリオン,Full Fight！【煽り付き】エリートスピリッツミドル級GP一回戦Bブロック　かぜのvsエス・ガリオン,NA,,official,full_fight,unlinked,,,yt-dlp channel export. duration=7:27,
youtube_e8wdonlgqdm,youtube,e8wDONLGqDM,https://www.youtube.com/watch?v=e8wDONLGqDM,フルファイト！ヤック・タイアットvsきくちぴあのせん マウンテン・ヒーローズNo.37 ライト級ワンマッチ,Full Fight！ヤック・タイアットvsきくちぴあのせん マウンテン・ヒーローズNo.37 ライト級ワンマッチ,NA,,official,full_fight,unlinked,,,yt-dlp channel export. duration=4:05,
youtube_wb89rr2aolc,youtube,wB89rr2aOlc,https://www.youtube.com/watch?v=wB89rr2aOlc,フルファイト！トワックデビルvsラドフ　マウンテン・ヒーローズNo.37 ミドル級ワンマッチ,Full Fight！トワックデビルvsラドフ　マウンテン・ヒーローズNo.37 ミドル級ワンマッチ,NA,,official,full_fight,unlinked,,,yt-dlp channel export. duration=5:55,
youtube_ja9gvq_3_w0,youtube,ja9gvq_3-W0,https://www.youtube.com/watch?v=ja9gvq_3-W0,フルファイト！らんちゃーすがやvsライン・デュオ マウンテン・ヒーローズNo.37 ミドル級ワンマッチ,Full Fight！らんちゃーすがやvsライン・デュオ マウンテン・ヒーローズNo.37 ミドル級ワンマッチ,NA,,official,full_fight,unlinked,,,yt-dlp channel export. duration=19:32,
youtube_4hk_8kwcxao,youtube,4hk-8kwCXAo,https://www.youtube.com/watch?v=4hk-8kwCXAo,フルファイト！クロノ・マリーケンvsオーシューワイルド　マウンテン・ヒーローズNo.37 ミドル級ワンマッチ,Full Fight！クロノ・マリーケンvsオーシューワイルド　マウンテン・ヒーローズNo.37 ミドル級ワンマッチ,NA,,official,full_fight,unlinked,,,yt-dlp channel export. duration=19:02,
